Image_Path,Text,Prediction
C:\Users\mklim\Desktop\Informatyczne systemy automatyki\electronic-components-scanner-main\ai_jpg\IMG_20240317_214927_resized.jpg,6c,0
C:\Users\mklim\Desktop\Informatyczne systemy automatyki\electronic-components-scanner-main\ai_jpg\IMG_20240317_214929_resized.jpg,6c,0
C:\Users\mklim\Desktop\Informatyczne systemy automatyki\electronic-components-scanner-main\ai_jpg\IMG_20240317_214930_1_resized.jpg,6c,0
C:\Users\mklim\Desktop\Informatyczne systemy automatyki\electronic-components-scanner-main\ai_jpg\IMG_20240317_214930_resized.jpg,6c,0
C:\Users\mklim\Desktop\Informatyczne systemy automatyki\electronic-components-scanner-main\ai_jpg\IMG_20240317_214931_resized.jpg,6c,0
C:\Users\mklim\Desktop\Informatyczne systemy automatyki\electronic-components-scanner-main\ai_jpg\IMG_20240317_214932_resized.jpg,6c,0
C:\Users\mklim\Desktop\Informatyczne systemy automatyki\electronic-components-scanner-main\ai_jpg\IMG_20240317_214933_resized.jpg,6c,0
C:\Users\mklim\Desktop\Informatyczne systemy automatyki\electronic-components-scanner-main\ai_jpg\IMG_20240317_214934_1_resized.jpg,6c,0
C:\Users\mklim\Desktop\Informatyczne systemy automatyki\electronic-components-scanner-main\ai_jpg\IMG_20240317_214934_resized.jpg,6c,0
C:\Users\mklim\Desktop\Informatyczne systemy automatyki\electronic-components-scanner-main\ai_jpg\IMG_20240317_214935_resized.jpg,6c,0
C:\Users\mklim\Desktop\Informatyczne systemy automatyki\electronic-components-scanner-main\ai_jpg\IMG_20240317_214936_resized.jpg,6c,0
C:\Users\mklim\Desktop\Informatyczne systemy automatyki\electronic-components-scanner-main\ai_jpg\IMG_20240317_214937_resized.jpg,6c,0
C:\Users\mklim\Desktop\Informatyczne systemy automatyki\electronic-components-scanner-main\ai_jpg\IMG_20240317_214938_1_resized.jpg,6c,0
C:\Users\mklim\Desktop\Informatyczne systemy automatyki\electronic-components-scanner-main\ai_jpg\IMG_20240317_214938_resized.jpg,6c,0
C:\Users\mklim\Desktop\Informatyczne systemy automatyki\electronic-components-scanner-main\ai_jpg\IMG_20240317_214939_1_resized.jpg,6c,0
C:\Users\mklim\Desktop\Informatyczne systemy automatyki\electronic-components-scanner-main\ai_jpg\IMG_20240317_214939_resized.jpg,6c,0
C:\Users\mklim\Desktop\Informatyczne systemy automatyki\electronic-components-scanner-main\ai_jpg\IMG_20240317_214940_1_resized.jpg,6c,0
C:\Users\mklim\Desktop\Informatyczne systemy automatyki\electronic-components-scanner-main\ai_jpg\IMG_20240317_214940_2_resized.jpg,6c,0
C:\Users\mklim\Desktop\Informatyczne systemy automatyki\electronic-components-scanner-main\ai_jpg\IMG_20240317_214940_resized.jpg,6c,0
C:\Users\mklim\Desktop\Informatyczne systemy automatyki\electronic-components-scanner-main\ai_jpg\IMG_20240317_214941_1_resized.jpg,6c,0
C:\Users\mklim\Desktop\Informatyczne systemy automatyki\electronic-components-scanner-main\ai_jpg\IMG_20240317_214941_2_resized.jpg,6c,0
C:\Users\mklim\Desktop\Informatyczne systemy automatyki\electronic-components-scanner-main\ai_jpg\IMG_20240317_214941_3_resized.jpg,6c,0
C:\Users\mklim\Desktop\Informatyczne systemy automatyki\electronic-components-scanner-main\ai_jpg\IMG_20240317_214941_resized.jpg,6c,0
C:\Users\mklim\Desktop\Informatyczne systemy automatyki\electronic-components-scanner-main\ai_jpg\IMG_20240317_214942_1_resized.jpg,6c,0
C:\Users\mklim\Desktop\Informatyczne systemy automatyki\electronic-components-scanner-main\ai_jpg\IMG_20240317_214942_2_resized.jpg,6c,0
C:\Users\mklim\Desktop\Informatyczne systemy automatyki\electronic-components-scanner-main\ai_jpg\IMG_20240317_214942_resized.jpg,6c,0
C:\Users\mklim\Desktop\Informatyczne systemy automatyki\electronic-components-scanner-main\ai_jpg\IMG_20240317_214943_1_resized.jpg,6c,0
C:\Users\mklim\Desktop\Informatyczne systemy automatyki\electronic-components-scanner-main\ai_jpg\IMG_20240317_214943_2_resized.jpg,6c,0
C:\Users\mklim\Desktop\Informatyczne systemy automatyki\electronic-components-scanner-main\ai_jpg\IMG_20240317_214943_resized.jpg,6c,0
C:\Users\mklim\Desktop\Informatyczne systemy automatyki\electronic-components-scanner-main\ai_jpg\IMG_20240317_214944_1_resized.jpg,6c,0
C:\Users\mklim\Desktop\Informatyczne systemy automatyki\electronic-components-scanner-main\ai_jpg\IMG_20240317_214944_resized.jpg,6C,0
C:\Users\mklim\Desktop\Informatyczne systemy automatyki\electronic-components-scanner-main\ai_jpg\IMG_20240317_215047_1_resized.jpg,UL26,0
C:\Users\mklim\Desktop\Informatyczne systemy automatyki\electronic-components-scanner-main\ai_jpg\IMG_20240317_215047_resized.jpg,UL26,0
C:\Users\mklim\Desktop\Informatyczne systemy automatyki\electronic-components-scanner-main\ai_jpg\IMG_20240317_215048_1_resized.jpg,UL26,0
C:\Users\mklim\Desktop\Informatyczne systemy automatyki\electronic-components-scanner-main\ai_jpg\IMG_20240317_215048_resized.jpg,VLZ6,0
C:\Users\mklim\Desktop\Informatyczne systemy automatyki\electronic-components-scanner-main\ai_jpg\IMG_20240317_215049_1_resized.jpg,VLZ6 ,0
C:\Users\mklim\Desktop\Informatyczne systemy automatyki\electronic-components-scanner-main\ai_jpg\IMG_20240317_215049_resized.jpg,UL7,0
C:\Users\mklim\Desktop\Informatyczne systemy automatyki\electronic-components-scanner-main\ai_jpg\IMG_20240317_215050_1_resized.jpg,UL26,0
C:\Users\mklim\Desktop\Informatyczne systemy automatyki\electronic-components-scanner-main\ai_jpg\IMG_20240317_215050_2_resized.jpg,UL26,0
C:\Users\mklim\Desktop\Informatyczne systemy automatyki\electronic-components-scanner-main\ai_jpg\IMG_20240317_215050_resized.jpg,VL26 |,0
C:\Users\mklim\Desktop\Informatyczne systemy automatyki\electronic-components-scanner-main\ai_jpg\IMG_20240317_215051_resized.jpg,UL26,0
C:\Users\mklim\Desktop\Informatyczne systemy automatyki\electronic-components-scanner-main\ai_jpg\IMG_20240317_215052_resized.jpg,UL26,0
C:\Users\mklim\Desktop\Informatyczne systemy automatyki\electronic-components-scanner-main\ai_jpg\IMG_20240317_215053_resized.jpg,UL26,0
C:\Users\mklim\Desktop\Informatyczne systemy automatyki\electronic-components-scanner-main\ai_jpg\IMG_20240317_215100_1_resized.jpg,HVLZ6|,0
C:\Users\mklim\Desktop\Informatyczne systemy automatyki\electronic-components-scanner-main\ai_jpg\IMG_20240317_215100_resized.jpg,WVLZ6,0
C:\Users\mklim\Desktop\Informatyczne systemy automatyki\electronic-components-scanner-main\ai_jpg\IMG_20240317_215101_resized.jpg,VL26,0
C:\Users\mklim\Desktop\Informatyczne systemy automatyki\electronic-components-scanner-main\ai_jpg\IMG_20240317_215102_1_resized.jpg,81b UL26,0
C:\Users\mklim\Desktop\Informatyczne systemy automatyki\electronic-components-scanner-main\ai_jpg\IMG_20240317_215102_resized.jpg,VZ,0
C:\Users\mklim\Desktop\Informatyczne systemy automatyki\electronic-components-scanner-main\ai_jpg\IMG_20240317_215103_resized.jpg,8vB Vt,0
C:\Users\mklim\Desktop\Informatyczne systemy automatyki\electronic-components-scanner-main\ai_jpg\IMG_20240317_215105_resized.jpg,6 5 UL26,0
C:\Users\mklim\Desktop\Informatyczne systemy automatyki\electronic-components-scanner-main\ai_jpg\IMG_20240317_215106_resized.jpg,,0
C:\Users\mklim\Desktop\Informatyczne systemy automatyki\electronic-components-scanner-main\ai_jpg\IMG_20240317_215107_resized.jpg,UL26,0
C:\Users\mklim\Desktop\Informatyczne systemy automatyki\electronic-components-scanner-main\ai_jpg\IMG_20240317_215110_resized.jpg,UL26,0
C:\Users\mklim\Desktop\Informatyczne systemy automatyki\electronic-components-scanner-main\ai_jpg\IMG_20240317_215152_1_resized.jpg,T410-LODT,0
C:\Users\mklim\Desktop\Informatyczne systemy automatyki\electronic-components-scanner-main\ai_jpg\IMG_20240317_215152_resized.jpg,~LOOT,0
C:\Users\mklim\Desktop\Informatyczne systemy automatyki\electronic-components-scanner-main\ai_jpg\IMG_20240317_215153_1_resized.jpg,I4lo-LDOT Sz8,0
C:\Users\mklim\Desktop\Informatyczne systemy automatyki\electronic-components-scanner-main\ai_jpg\IMG_20240317_215153_2_resized.jpg,T4L0-Loot 67034 Cr,0
C:\Users\mklim\Desktop\Informatyczne systemy automatyki\electronic-components-scanner-main\ai_jpg\IMG_20240317_215153_resized.jpg,Tuio-SoOT 88,0
C:\Users\mklim\Desktop\Informatyczne systemy automatyki\electronic-components-scanner-main\ai_jpg\IMG_20240317_215154_1_resized.jpg,110 BDOT Tei,0
C:\Users\mklim\Desktop\Informatyczne systemy automatyki\electronic-components-scanner-main\ai_jpg\IMG_20240317_215154_resized.jpg,Tuld LoDT SieD,0
C:\Users\mklim\Desktop\Informatyczne systemy automatyki\electronic-components-scanner-main\ai_jpg\IMG_20240317_215155_1_resized.jpg,Dttt,0
C:\Users\mklim\Desktop\Informatyczne systemy automatyki\electronic-components-scanner-main\ai_jpg\IMG_20240317_215155_resized.jpg,1410-LOOT,0
C:\Users\mklim\Desktop\Informatyczne systemy automatyki\electronic-components-scanner-main\ai_jpg\IMG_20240317_215156_1_resized.jpg,,0
C:\Users\mklim\Desktop\Informatyczne systemy automatyki\electronic-components-scanner-main\ai_jpg\IMG_20240317_215156_resized.jpg,23 A9 5,0
C:\Users\mklim\Desktop\Informatyczne systemy automatyki\electronic-components-scanner-main\ai_jpg\IMG_20240317_215157_1_resized.jpg,TioLT CCdr E,0
C:\Users\mklim\Desktop\Informatyczne systemy automatyki\electronic-components-scanner-main\ai_jpg\IMG_20240317_215157_2_resized.jpg,,0
C:\Users\mklim\Desktop\Informatyczne systemy automatyki\electronic-components-scanner-main\ai_jpg\IMG_20240317_215157_resized.jpg,To-oOT C074 I Ou 351 60,0
C:\Users\mklim\Desktop\Informatyczne systemy automatyki\electronic-components-scanner-main\ai_jpg\IMG_20240317_215158_1_resized.jpg,Tulo-Loot GK05  O4,0
C:\Users\mklim\Desktop\Informatyczne systemy automatyki\electronic-components-scanner-main\ai_jpg\IMG_20240317_215158_resized.jpg,Tulo-Loot Coa DU,0
C:\Users\mklim\Desktop\Informatyczne systemy automatyki\electronic-components-scanner-main\ai_jpg\IMG_20240317_215159_1_resized.jpg,Tl0L0T CCD,0
C:\Users\mklim\Desktop\Informatyczne systemy automatyki\electronic-components-scanner-main\ai_jpg\IMG_20240317_215159_2_resized.jpg,ToieLDor Taatdt Cn,0
C:\Users\mklim\Desktop\Informatyczne systemy automatyki\electronic-components-scanner-main\ai_jpg\IMG_20240317_215159_resized.jpg,7410-LDOT,0
C:\Users\mklim\Desktop\Informatyczne systemy automatyki\electronic-components-scanner-main\ai_jpg\IMG_20240317_215200_resized.jpg,Terd Lo6 25,0
C:\Users\mklim\Desktop\Informatyczne systemy automatyki\electronic-components-scanner-main\ai_jpg\IMG_20240317_215201_resized.jpg,I4lo-LOOT 570a4,0
C:\Users\mklim\Desktop\Informatyczne systemy automatyki\electronic-components-scanner-main\ai_jpg\IMG_20240317_215247_1_resized.jpg,AMSI117 3.3 BWQ26,0
C:\Users\mklim\Desktop\Informatyczne systemy automatyki\electronic-components-scanner-main\ai_jpg\IMG_20240317_215247_2_resized.jpg,AMSIT117 3.3 8w026,0
C:\Users\mklim\Desktop\Informatyczne systemy automatyki\electronic-components-scanner-main\ai_jpg\IMG_20240317_215247_resized.jpg,"AMSI117 3,3 BWQ26",0
C:\Users\mklim\Desktop\Informatyczne systemy automatyki\electronic-components-scanner-main\ai_jpg\IMG_20240317_215248_1_resized.jpg,"AMSI117 3,.3 BWQ26 ",0
C:\Users\mklim\Desktop\Informatyczne systemy automatyki\electronic-components-scanner-main\ai_jpg\IMG_20240317_215248_2_resized.jpg,A8S1117 3J Buozg,0
C:\Users\mklim\Desktop\Informatyczne systemy automatyki\electronic-components-scanner-main\ai_jpg\IMG_20240317_215248_resized.jpg,NSII7 0b04,0
C:\Users\mklim\Desktop\Informatyczne systemy automatyki\electronic-components-scanner-main\ai_jpg\IMG_20240317_215249_1_resized.jpg,AMS1117 03 8WQ26,0
C:\Users\mklim\Desktop\Informatyczne systemy automatyki\electronic-components-scanner-main\ai_jpg\IMG_20240317_215249_resized.jpg,As1117 DB046,0
C:\Users\mklim\Desktop\Informatyczne systemy automatyki\electronic-components-scanner-main\ai_jpg\IMG_20240317_215250_1_resized.jpg,AMSI117 3988026,0
C:\Users\mklim\Desktop\Informatyczne systemy automatyki\electronic-components-scanner-main\ai_jpg\IMG_20240317_215250_resized.jpg,"AMS1T17 9,.3 Bw026",0
C:\Users\mklim\Desktop\Informatyczne systemy automatyki\electronic-components-scanner-main\ai_jpg\IMG_20240317_215251_1_resized.jpg,"AMST117 9,9 BWQ26",0
C:\Users\mklim\Desktop\Informatyczne systemy automatyki\electronic-components-scanner-main\ai_jpg\IMG_20240317_215251_2_resized.jpg,AMS111Z 3.3 BWQ26,0
C:\Users\mklim\Desktop\Informatyczne systemy automatyki\electronic-components-scanner-main\ai_jpg\IMG_20240317_215251_resized.jpg,AmS11Z 33 84026,0
C:\Users\mklim\Desktop\Informatyczne systemy automatyki\electronic-components-scanner-main\ai_jpg\IMG_20240317_215252_1_resized.jpg,AMS1117 3.3 BWQ26,0
C:\Users\mklim\Desktop\Informatyczne systemy automatyki\electronic-components-scanner-main\ai_jpg\IMG_20240317_215252_2_resized.jpg,"AMS1117 3,3 BWQ26",0
C:\Users\mklim\Desktop\Informatyczne systemy automatyki\electronic-components-scanner-main\ai_jpg\IMG_20240317_215252_resized.jpg,AMST117 8.3 BWQ26 ,0
C:\Users\mklim\Desktop\Informatyczne systemy automatyki\electronic-components-scanner-main\ai_jpg\IMG_20240317_215253_resized.jpg,AMST117 33 BwO26,0
C:\Users\mklim\Desktop\Informatyczne systemy automatyki\electronic-components-scanner-main\ai_jpg\IMG_20240317_215254_1_resized.jpg,Am5111Z 4381Q26,0
C:\Users\mklim\Desktop\Informatyczne systemy automatyki\electronic-components-scanner-main\ai_jpg\IMG_20240317_215254_resized.jpg,AS1117 {38426,0
C:\Users\mklim\Desktop\Informatyczne systemy automatyki\electronic-components-scanner-main\ai_jpg\IMG_20240317_215256_1_resized.jpg,"AMST117 9.,9 BWO26",0
C:\Users\mklim\Desktop\Informatyczne systemy automatyki\electronic-components-scanner-main\ai_jpg\IMG_20240317_215256_resized.jpg,AMSI11Z 8wQ26,0
C:\Users\mklim\Desktop\Informatyczne systemy automatyki\electronic-components-scanner-main\ai_jpg\IMG_20240317_215257_resized.jpg,AMST117 33 Bwo26,0
C:\Users\mklim\Desktop\Informatyczne systemy automatyki\electronic-components-scanner-main\ai_jpg\IMG_20240317_215300_resized.jpg,"AMS1117 3,3 BWQ26 ",0
C:\Users\mklim\Desktop\Informatyczne systemy automatyki\electronic-components-scanner-main\ai_jpg\IMG_20240317_215301_1_resized.jpg,AMS1117 3.3 BWQ26 ,0
C:\Users\mklim\Desktop\Informatyczne systemy automatyki\electronic-components-scanner-main\ai_jpg\IMG_20240317_215301_2_resized.jpg,"AMST11Z 3,3 BVQ26",0
C:\Users\mklim\Desktop\Informatyczne systemy automatyki\electronic-components-scanner-main\ai_jpg\IMG_20240317_215301_resized.jpg,"AMSI117 3,.3 BWO26",0
C:\Users\mklim\Desktop\Informatyczne systemy automatyki\electronic-components-scanner-main\ai_jpg\IMG_20240317_215338_resized.jpg,J|,0
C:\Users\mklim\Desktop\Informatyczne systemy automatyki\electronic-components-scanner-main\ai_jpg\IMG_20240317_215339_1_resized.jpg,J1,0
C:\Users\mklim\Desktop\Informatyczne systemy automatyki\electronic-components-scanner-main\ai_jpg\IMG_20240317_215339_2_resized.jpg,J1,0
C:\Users\mklim\Desktop\Informatyczne systemy automatyki\electronic-components-scanner-main\ai_jpg\IMG_20240317_215339_3_resized.jpg,J1,0
C:\Users\mklim\Desktop\Informatyczne systemy automatyki\electronic-components-scanner-main\ai_jpg\IMG_20240317_215339_resized.jpg,J 1,0
C:\Users\mklim\Desktop\Informatyczne systemy automatyki\electronic-components-scanner-main\ai_jpg\IMG_20240317_215340_resized.jpg,,0
C:\Users\mklim\Desktop\Informatyczne systemy automatyki\electronic-components-scanner-main\ai_jpg\IMG_20240317_215341_1_resized.jpg,,0
C:\Users\mklim\Desktop\Informatyczne systemy automatyki\electronic-components-scanner-main\ai_jpg\IMG_20240317_215341_2_resized.jpg,,0
C:\Users\mklim\Desktop\Informatyczne systemy automatyki\electronic-components-scanner-main\ai_jpg\IMG_20240317_215341_resized.jpg,,0
C:\Users\mklim\Desktop\Informatyczne systemy automatyki\electronic-components-scanner-main\ai_jpg\IMG_20240317_215342_resized.jpg,,0
C:\Users\mklim\Desktop\Informatyczne systemy automatyki\electronic-components-scanner-main\ai_jpg\IMG_20240317_215343_resized.jpg,,0
C:\Users\mklim\Desktop\Informatyczne systemy automatyki\electronic-components-scanner-main\ai_jpg\IMG_20240317_215346_1_resized.jpg,,0
C:\Users\mklim\Desktop\Informatyczne systemy automatyki\electronic-components-scanner-main\ai_jpg\IMG_20240317_215346_resized.jpg,,0
C:\Users\mklim\Desktop\Informatyczne systemy automatyki\electronic-components-scanner-main\ai_jpg\IMG_20240317_215347_1_resized.jpg,,0
C:\Users\mklim\Desktop\Informatyczne systemy automatyki\electronic-components-scanner-main\ai_jpg\IMG_20240317_215347_resized.jpg,J,0
C:\Users\mklim\Desktop\Informatyczne systemy automatyki\electronic-components-scanner-main\ai_jpg\IMG_20240317_215348_resized.jpg,,0
C:\Users\mklim\Desktop\Informatyczne systemy automatyki\electronic-components-scanner-main\ai_jpg\IMG_20240317_215349_resized.jpg,J 1,0
C:\Users\mklim\Desktop\Informatyczne systemy automatyki\electronic-components-scanner-main\ai_jpg\IMG_20240317_215350_resized.jpg,J1,0
C:\Users\mklim\Desktop\Informatyczne systemy automatyki\electronic-components-scanner-main\ai_jpg\IMG_20240317_215351_resized.jpg,,0
C:\Users\mklim\Desktop\Informatyczne systemy automatyki\electronic-components-scanner-main\ai_jpg\IMG_20240317_215352_1_resized.jpg,,0
C:\Users\mklim\Desktop\Informatyczne systemy automatyki\electronic-components-scanner-main\ai_jpg\IMG_20240317_215352_resized.jpg,,0
C:\Users\mklim\Desktop\Informatyczne systemy automatyki\electronic-components-scanner-main\ai_jpg\IMG_20240317_215353_resized.jpg,,0
C:\Users\mklim\Desktop\Informatyczne systemy automatyki\electronic-components-scanner-main\ai_jpg\IMG_20240317_215354_resized.jpg,,0
C:\Users\mklim\Desktop\Informatyczne systemy automatyki\electronic-components-scanner-main\ai_jpg\IMG_20240317_215355_resized.jpg,,0
C:\Users\mklim\Desktop\Informatyczne systemy automatyki\electronic-components-scanner-main\ai_jpg\IMG_20240317_215432_1_resized.jpg,F ABPg1o AC F,0
C:\Users\mklim\Desktop\Informatyczne systemy automatyki\electronic-components-scanner-main\ai_jpg\IMG_20240317_215432_2_resized.jpg,526 @ EBP6io AC,0
C:\Users\mklim\Desktop\Informatyczne systemy automatyki\electronic-components-scanner-main\ai_jpg\IMG_20240317_215432_resized.jpg,5ep FS KBP61o,0
C:\Users\mklim\Desktop\Informatyczne systemy automatyki\electronic-components-scanner-main\ai_jpg\IMG_20240317_215433_1_resized.jpg,52P KBPsT8 AC,0
C:\Users\mklim\Desktop\Informatyczne systemy automatyki\electronic-components-scanner-main\ai_jpg\IMG_20240317_215433_2_resized.jpg,435378,0
C:\Users\mklim\Desktop\Informatyczne systemy automatyki\electronic-components-scanner-main\ai_jpg\IMG_20240317_215433_3_resized.jpg,p 70 3ep3',0
C:\Users\mklim\Desktop\Informatyczne systemy automatyki\electronic-components-scanner-main\ai_jpg\IMG_20240317_215433_resized.jpg,52p Y BPâ‚¬ 1 0,0
C:\Users\mklim\Desktop\Informatyczne systemy automatyki\electronic-components-scanner-main\ai_jpg\IMG_20240317_215434_1_resized.jpg,53p Y} 4BPg10 AC,0
C:\Users\mklim\Desktop\Informatyczne systemy automatyki\electronic-components-scanner-main\ai_jpg\IMG_20240317_215434_2_resized.jpg,5P @i XBP310 4C,0
C:\Users\mklim\Desktop\Informatyczne systemy automatyki\electronic-components-scanner-main\ai_jpg\IMG_20240317_215434_resized.jpg,540 8K2Pr10 AC,0
C:\Users\mklim\Desktop\Informatyczne systemy automatyki\electronic-components-scanner-main\ai_jpg\IMG_20240317_215435_1_resized.jpg,52p Ma KPRG 1 0,0
C:\Users\mklim\Desktop\Informatyczne systemy automatyki\electronic-components-scanner-main\ai_jpg\IMG_20240317_215435_2_resized.jpg,52p T8 KPP? 1 0,0
C:\Users\mklim\Desktop\Informatyczne systemy automatyki\electronic-components-scanner-main\ai_jpg\IMG_20240317_215435_resized.jpg,5ap T} Kepg10 4C,0
C:\Users\mklim\Desktop\Informatyczne systemy automatyki\electronic-components-scanner-main\ai_jpg\IMG_20240317_215436_1_resized.jpg,,0
C:\Users\mklim\Desktop\Informatyczne systemy automatyki\electronic-components-scanner-main\ai_jpg\IMG_20240317_215436_2_resized.jpg,5p TJ KBP610 4C,0
C:\Users\mklim\Desktop\Informatyczne systemy automatyki\electronic-components-scanner-main\ai_jpg\IMG_20240317_215436_resized.jpg,48P540,0
C:\Users\mklim\Desktop\Informatyczne systemy automatyki\electronic-components-scanner-main\ai_jpg\IMG_20240317_215437_1_resized.jpg,53p7i ZBP10 AC,0
C:\Users\mklim\Desktop\Informatyczne systemy automatyki\electronic-components-scanner-main\ai_jpg\IMG_20240317_215437_2_resized.jpg,5 A Xeps|0 AC,0
C:\Users\mklim\Desktop\Informatyczne systemy automatyki\electronic-components-scanner-main\ai_jpg\IMG_20240317_215437_3_resized.jpg,p 38Pg70,0
C:\Users\mklim\Desktop\Informatyczne systemy automatyki\electronic-components-scanner-main\ai_jpg\IMG_20240317_215437_resized.jpg,5eP T K8P810 AC,0
C:\Users\mklim\Desktop\Informatyczne systemy automatyki\electronic-components-scanner-main\ai_jpg\IMG_20240317_215438_1_resized.jpg,KaPr |0 C,0
C:\Users\mklim\Desktop\Informatyczne systemy automatyki\electronic-components-scanner-main\ai_jpg\IMG_20240317_215438_2_resized.jpg,5 p Y KBPs10 AC,0
C:\Users\mklim\Desktop\Informatyczne systemy automatyki\electronic-components-scanner-main\ai_jpg\IMG_20240317_215438_resized.jpg,F T KBPB 0 AG,0
C:\Users\mklim\Desktop\Informatyczne systemy automatyki\electronic-components-scanner-main\ai_jpg\IMG_20240317_215439_1_resized.jpg,Spa KPPi10 AC,0
C:\Users\mklim\Desktop\Informatyczne systemy automatyki\electronic-components-scanner-main\ai_jpg\IMG_20240317_215439_2_resized.jpg,,0
C:\Users\mklim\Desktop\Informatyczne systemy automatyki\electronic-components-scanner-main\ai_jpg\IMG_20240317_215439_3_resized.jpg,52p 9 KBp31o,0
C:\Users\mklim\Desktop\Informatyczne systemy automatyki\electronic-components-scanner-main\ai_jpg\IMG_20240317_215439_resized.jpg,5f Mi KBP610 AC,0
C:\Users\mklim\Desktop\Informatyczne systemy automatyki\electronic-components-scanner-main\ai_jpg\IMG_20240317_215440_1_resized.jpg,530 M KBP610 S AC,0
C:\Users\mklim\Desktop\Informatyczne systemy automatyki\electronic-components-scanner-main\ai_jpg\IMG_20240317_215440_resized.jpg,5P 7i kbpg10 4C,0
C:\Users\mklim\Desktop\Informatyczne systemy automatyki\electronic-components-scanner-main\ai_jpg\IMG_20240317_215534_resized.jpg,L1393 Ak3nk,0
C:\Users\mklim\Desktop\Informatyczne systemy automatyki\electronic-components-scanner-main\ai_jpg\IMG_20240317_215535_1_resized.jpg,LM393 Ak3MK,0
C:\Users\mklim\Desktop\Informatyczne systemy automatyki\electronic-components-scanner-main\ai_jpg\IMG_20240317_215535_2_resized.jpg,LM393 Ak3MK,0
C:\Users\mklim\Desktop\Informatyczne systemy automatyki\electronic-components-scanner-main\ai_jpg\IMG_20240317_215535_3_resized.jpg,Lm393 Ak3MK,0
C:\Users\mklim\Desktop\Informatyczne systemy automatyki\electronic-components-scanner-main\ai_jpg\IMG_20240317_215535_resized.jpg,04393 Hxk3rk,0
C:\Users\mklim\Desktop\Informatyczne systemy automatyki\electronic-components-scanner-main\ai_jpg\IMG_20240317_215536_1_resized.jpg,13e?,0
C:\Users\mklim\Desktop\Informatyczne systemy automatyki\electronic-components-scanner-main\ai_jpg\IMG_20240317_215536_2_resized.jpg,,0
C:\Users\mklim\Desktop\Informatyczne systemy automatyki\electronic-components-scanner-main\ai_jpg\IMG_20240317_215536_resized.jpg,I4kz9r,0
C:\Users\mklim\Desktop\Informatyczne systemy automatyki\electronic-components-scanner-main\ai_jpg\IMG_20240317_215537_resized.jpg,[L393 LAk3MK,0
C:\Users\mklim\Desktop\Informatyczne systemy automatyki\electronic-components-scanner-main\ai_jpg\IMG_20240317_215538_1_resized.jpg,"{6""523",0
C:\Users\mklim\Desktop\Informatyczne systemy automatyki\electronic-components-scanner-main\ai_jpg\IMG_20240317_215538_2_resized.jpg,,0
C:\Users\mklim\Desktop\Informatyczne systemy automatyki\electronic-components-scanner-main\ai_jpg\IMG_20240317_215538_3_resized.jpg,2 1393 Ar3MK,0
C:\Users\mklim\Desktop\Informatyczne systemy automatyki\electronic-components-scanner-main\ai_jpg\IMG_20240317_215538_resized.jpg,"78,922",0
C:\Users\mklim\Desktop\Informatyczne systemy automatyki\electronic-components-scanner-main\ai_jpg\IMG_20240317_215539_1_resized.jpg,EM393 Ak3hK,0
C:\Users\mklim\Desktop\Informatyczne systemy automatyki\electronic-components-scanner-main\ai_jpg\IMG_20240317_215539_resized.jpg,LM393 Ak3Mk,0
C:\Users\mklim\Desktop\Informatyczne systemy automatyki\electronic-components-scanner-main\ai_jpg\IMG_20240317_215540_resized.jpg,[LH393 Ak3hK,0
C:\Users\mklim\Desktop\Informatyczne systemy automatyki\electronic-components-scanner-main\ai_jpg\IMG_20240317_215543_resized.jpg,,0
C:\Users\mklim\Desktop\Informatyczne systemy automatyki\electronic-components-scanner-main\ai_jpg\IMG_20240317_215544_resized.jpg,14M393 Ak3k,0
C:\Users\mklim\Desktop\Informatyczne systemy automatyki\electronic-components-scanner-main\ai_jpg\IMG_20240317_215545_resized.jpg,8-23 Ia?,0
C:\Users\mklim\Desktop\Informatyczne systemy automatyki\electronic-components-scanner-main\ai_jpg\IMG_20240317_215549_1_resized.jpg,058388,0
C:\Users\mklim\Desktop\Informatyczne systemy automatyki\electronic-components-scanner-main\ai_jpg\IMG_20240317_215549_resized.jpg,8,0
C:\Users\mklim\Desktop\Informatyczne systemy automatyki\electronic-components-scanner-main\ai_jpg\IMG_20240317_215550_resized.jpg,,0
C:\Users\mklim\Desktop\Informatyczne systemy automatyki\electronic-components-scanner-main\ai_jpg\IMG_20240317_215551_1_resized.jpg,M393 AKZMK,0
C:\Users\mklim\Desktop\Informatyczne systemy automatyki\electronic-components-scanner-main\ai_jpg\IMG_20240317_215551_resized.jpg,LM393 AR3MK,0
C:\Users\mklim\Desktop\Informatyczne systemy automatyki\electronic-components-scanner-main\ai_jpg\IMG_20240317_215650_resized.jpg,,0
C:\Users\mklim\Desktop\Informatyczne systemy automatyki\electronic-components-scanner-main\ai_jpg\IMG_20240317_215651_1_resized.jpg,16,0
C:\Users\mklim\Desktop\Informatyczne systemy automatyki\electronic-components-scanner-main\ai_jpg\IMG_20240317_215651_resized.jpg,16,0
C:\Users\mklim\Desktop\Informatyczne systemy automatyki\electronic-components-scanner-main\ai_jpg\IMG_20240317_215705_resized.jpg,G,0
C:\Users\mklim\Desktop\Informatyczne systemy automatyki\electronic-components-scanner-main\ai_jpg\IMG_20240317_215706_resized.jpg,,0
C:\Users\mklim\Desktop\Informatyczne systemy automatyki\electronic-components-scanner-main\ai_jpg\IMG_20240317_215707_resized.jpg,16,0
C:\Users\mklim\Desktop\Informatyczne systemy automatyki\electronic-components-scanner-main\ai_jpg\IMG_20240317_215708_resized.jpg,,0
C:\Users\mklim\Desktop\Informatyczne systemy automatyki\electronic-components-scanner-main\ai_jpg\IMG_20240317_215715_resized.jpg,,0
C:\Users\mklim\Desktop\Informatyczne systemy automatyki\electronic-components-scanner-main\ai_jpg\IMG_20240317_215716_resized.jpg,,0
C:\Users\mklim\Desktop\Informatyczne systemy automatyki\electronic-components-scanner-main\ai_jpg\IMG_20240317_215720_resized.jpg,16,0
C:\Users\mklim\Desktop\Informatyczne systemy automatyki\electronic-components-scanner-main\ai_jpg\IMG_20240317_215721_1_resized.jpg,6,0
C:\Users\mklim\Desktop\Informatyczne systemy automatyki\electronic-components-scanner-main\ai_jpg\IMG_20240317_215721_resized.jpg,16,0
C:\Users\mklim\Desktop\Informatyczne systemy automatyki\electronic-components-scanner-main\ai_jpg\IMG_20240317_215724_resized.jpg,Tc,0
C:\Users\mklim\Desktop\Informatyczne systemy automatyki\electronic-components-scanner-main\ai_jpg\IMG_20240317_215725_1_resized.jpg,IC,0
C:\Users\mklim\Desktop\Informatyczne systemy automatyki\electronic-components-scanner-main\ai_jpg\IMG_20240317_215725_resized.jpg,0,0
C:\Users\mklim\Desktop\Informatyczne systemy automatyki\electronic-components-scanner-main\ai_jpg\IMG_20240317_215804_1_resized.jpg,8n437 AB,0
C:\Users\mklim\Desktop\Informatyczne systemy automatyki\electronic-components-scanner-main\ai_jpg\IMG_20240317_215804_resized.jpg,EL 8n37 446,0
C:\Users\mklim\Desktop\Informatyczne systemy automatyki\electronic-components-scanner-main\ai_jpg\IMG_20240317_215805_1_resized.jpg,,0
C:\Users\mklim\Desktop\Informatyczne systemy automatyki\electronic-components-scanner-main\ai_jpg\IMG_20240317_215805_resized.jpg,Bl 8n937 43,0
C:\Users\mklim\Desktop\Informatyczne systemy automatyki\electronic-components-scanner-main\ai_jpg\IMG_20240317_215807_1_resized.jpg,,0
C:\Users\mklim\Desktop\Informatyczne systemy automatyki\electronic-components-scanner-main\ai_jpg\IMG_20240317_215807_resized.jpg,,0
C:\Users\mklim\Desktop\Informatyczne systemy automatyki\electronic-components-scanner-main\ai_jpg\IMG_20240317_215808_1_resized.jpg,,0
C:\Users\mklim\Desktop\Informatyczne systemy automatyki\electronic-components-scanner-main\ai_jpg\IMG_20240317_215808_resized.jpg,,0
C:\Users\mklim\Desktop\Informatyczne systemy automatyki\electronic-components-scanner-main\ai_jpg\IMG_20240317_215812_1_resized.jpg,,0
C:\Users\mklim\Desktop\Informatyczne systemy automatyki\electronic-components-scanner-main\ai_jpg\IMG_20240317_215812_resized.jpg,,0
C:\Users\mklim\Desktop\Informatyczne systemy automatyki\electronic-components-scanner-main\ai_jpg\IMG_20240317_215813_resized.jpg,,0
C:\Users\mklim\Desktop\Informatyczne systemy automatyki\electronic-components-scanner-main\ai_jpg\IMG_20240317_215814_resized.jpg,,0
C:\Users\mklim\Desktop\Informatyczne systemy automatyki\electronic-components-scanner-main\ai_jpg\IMG_20240317_215818_resized.jpg,B4 6N737 448,0
C:\Users\mklim\Desktop\Informatyczne systemy automatyki\electronic-components-scanner-main\ai_jpg\IMG_20240317_215824_1_resized.jpg,,0
C:\Users\mklim\Desktop\Informatyczne systemy automatyki\electronic-components-scanner-main\ai_jpg\IMG_20240317_215824_resized.jpg,,0
C:\Users\mklim\Desktop\Informatyczne systemy automatyki\electronic-components-scanner-main\ai_jpg\IMG_20240317_215827_resized.jpg,,0
C:\Users\mklim\Desktop\Informatyczne systemy automatyki\electronic-components-scanner-main\ai_jpg\IMG_20240317_215828_1_resized.jpg,46,0
C:\Users\mklim\Desktop\Informatyczne systemy automatyki\electronic-components-scanner-main\ai_jpg\IMG_20240317_215828_2_resized.jpg,,0
C:\Users\mklim\Desktop\Informatyczne systemy automatyki\electronic-components-scanner-main\ai_jpg\IMG_20240317_215828_resized.jpg,,0
C:\Users\mklim\Desktop\Informatyczne systemy automatyki\electronic-components-scanner-main\ai_jpg\IMG_20240317_215829_1_resized.jpg,EL en937 318,0
C:\Users\mklim\Desktop\Informatyczne systemy automatyki\electronic-components-scanner-main\ai_jpg\IMG_20240317_215829_2_resized.jpg,Ec 2N95 7 498,0
C:\Users\mklim\Desktop\Informatyczne systemy automatyki\electronic-components-scanner-main\ai_jpg\IMG_20240317_215829_resized.jpg,,0
C:\Users\mklim\Desktop\Informatyczne systemy automatyki\electronic-components-scanner-main\ai_jpg\IMG_20240317_215830_1_resized.jpg,,0
C:\Users\mklim\Desktop\Informatyczne systemy automatyki\electronic-components-scanner-main\ai_jpg\IMG_20240317_215830_2_resized.jpg,,0
C:\Users\mklim\Desktop\Informatyczne systemy automatyki\electronic-components-scanner-main\ai_jpg\IMG_20240317_215830_resized.jpg,ONT D 44,0
C:\Users\mklim\Desktop\Informatyczne systemy automatyki\electronic-components-scanner-main\ai_jpg\IMG_20240317_215831_1_resized.jpg,,0
C:\Users\mklim\Desktop\Informatyczne systemy automatyki\electronic-components-scanner-main\ai_jpg\IMG_20240317_215831_resized.jpg,,0
C:\Users\mklim\Desktop\Informatyczne systemy automatyki\electronic-components-scanner-main\ai_jpg\IMG_20240317_215925_resized.jpg,,0
C:\Users\mklim\Desktop\Informatyczne systemy automatyki\electronic-components-scanner-main\ai_jpg\IMG_20240317_215926_1_resized.jpg,,0
C:\Users\mklim\Desktop\Informatyczne systemy automatyki\electronic-components-scanner-main\ai_jpg\IMG_20240317_215926_2_resized.jpg,,0
C:\Users\mklim\Desktop\Informatyczne systemy automatyki\electronic-components-scanner-main\ai_jpg\IMG_20240317_215926_resized.jpg,,0
C:\Users\mklim\Desktop\Informatyczne systemy automatyki\electronic-components-scanner-main\ai_jpg\IMG_20240317_215927_1_resized.jpg,11626 817C-,0
C:\Users\mklim\Desktop\Informatyczne systemy automatyki\electronic-components-scanner-main\ai_jpg\IMG_20240317_215927_resized.jpg,8178 L1626,0
C:\Users\mklim\Desktop\Informatyczne systemy automatyki\electronic-components-scanner-main\ai_jpg\IMG_20240317_215928_resized.jpg,01676 3170,0
C:\Users\mklim\Desktop\Informatyczne systemy automatyki\electronic-components-scanner-main\ai_jpg\IMG_20240317_215929_resized.jpg,066 170,0
C:\Users\mklim\Desktop\Informatyczne systemy automatyki\electronic-components-scanner-main\ai_jpg\IMG_20240317_215931_1_resized.jpg,11626 Jok,0
C:\Users\mklim\Desktop\Informatyczne systemy automatyki\electronic-components-scanner-main\ai_jpg\IMG_20240317_215931_resized.jpg,11626 77,0
C:\Users\mklim\Desktop\Informatyczne systemy automatyki\electronic-components-scanner-main\ai_jpg\IMG_20240317_215933_1_resized.jpg,L1626 8170,0
C:\Users\mklim\Desktop\Informatyczne systemy automatyki\electronic-components-scanner-main\ai_jpg\IMG_20240317_215933_resized.jpg,L1626 8170,0
C:\Users\mklim\Desktop\Informatyczne systemy automatyki\electronic-components-scanner-main\ai_jpg\IMG_20240317_215934_resized.jpg,017C L1626,0
C:\Users\mklim\Desktop\Informatyczne systemy automatyki\electronic-components-scanner-main\ai_jpg\IMG_20240317_215939_resized.jpg,,0
C:\Users\mklim\Desktop\Informatyczne systemy automatyki\electronic-components-scanner-main\ai_jpg\IMG_20240317_215942_resized.jpg,,0
C:\Users\mklim\Desktop\Informatyczne systemy automatyki\electronic-components-scanner-main\ai_jpg\IMG_20240317_215943_1_resized.jpg,,0
C:\Users\mklim\Desktop\Informatyczne systemy automatyki\electronic-components-scanner-main\ai_jpg\IMG_20240317_215943_2_resized.jpg,,0
C:\Users\mklim\Desktop\Informatyczne systemy automatyki\electronic-components-scanner-main\ai_jpg\IMG_20240317_215943_resized.jpg,,0
C:\Users\mklim\Desktop\Informatyczne systemy automatyki\electronic-components-scanner-main\ai_jpg\IMG_20240317_215944_1_resized.jpg,,0
C:\Users\mklim\Desktop\Informatyczne systemy automatyki\electronic-components-scanner-main\ai_jpg\IMG_20240317_215944_2_resized.jpg,11626  817c ,0
C:\Users\mklim\Desktop\Informatyczne systemy automatyki\electronic-components-scanner-main\ai_jpg\IMG_20240317_215944_resized.jpg,,0
C:\Users\mklim\Desktop\Informatyczne systemy automatyki\electronic-components-scanner-main\ai_jpg\IMG_20240317_215945_1_resized.jpg,440z0,0
C:\Users\mklim\Desktop\Informatyczne systemy automatyki\electronic-components-scanner-main\ai_jpg\IMG_20240317_215945_resized.jpg,,0
C:\Users\mklim\Desktop\Informatyczne systemy automatyki\electronic-components-scanner-main\ai_jpg\IMG_20240317_215946_resized.jpg,,0
C:\Users\mklim\Desktop\Informatyczne systemy automatyki\electronic-components-scanner-main\ai_jpg\IMG_20240317_215948_resized.jpg,,0
C:\Users\mklim\Desktop\Informatyczne systemy automatyki\electronic-components-scanner-main\ai_jpg\IMG_20240317_220050_1_resized.jpg,,0
C:\Users\mklim\Desktop\Informatyczne systemy automatyki\electronic-components-scanner-main\ai_jpg\IMG_20240317_220050_resized.jpg,,0
C:\Users\mklim\Desktop\Informatyczne systemy automatyki\electronic-components-scanner-main\ai_jpg\IMG_20240317_220051_1_resized.jpg,,0
C:\Users\mklim\Desktop\Informatyczne systemy automatyki\electronic-components-scanner-main\ai_jpg\IMG_20240317_220051_2_resized.jpg,42B 758 WE555p,0
C:\Users\mklim\Desktop\Informatyczne systemy automatyki\electronic-components-scanner-main\ai_jpg\IMG_20240317_220051_resized.jpg,,0
C:\Users\mklim\Desktop\Informatyczne systemy automatyki\electronic-components-scanner-main\ai_jpg\IMG_20240317_220052_1_resized.jpg,,0
C:\Users\mklim\Desktop\Informatyczne systemy automatyki\electronic-components-scanner-main\ai_jpg\IMG_20240317_220052_2_resized.jpg,,0
C:\Users\mklim\Desktop\Informatyczne systemy automatyki\electronic-components-scanner-main\ai_jpg\IMG_20240317_220052_resized.jpg,3163 #35P,0
C:\Users\mklim\Desktop\Informatyczne systemy automatyki\electronic-components-scanner-main\ai_jpg\IMG_20240317_220053_1_resized.jpg,44 70,0
C:\Users\mklim\Desktop\Informatyczne systemy automatyki\electronic-components-scanner-main\ai_jpg\IMG_20240317_220053_2_resized.jpg,,0
C:\Users\mklim\Desktop\Informatyczne systemy automatyki\electronic-components-scanner-main\ai_jpg\IMG_20240317_220053_resized.jpg,,0
C:\Users\mklim\Desktop\Informatyczne systemy automatyki\electronic-components-scanner-main\ai_jpg\IMG_20240317_220054_1_resized.jpg,Aam I,0
C:\Users\mklim\Desktop\Informatyczne systemy automatyki\electronic-components-scanner-main\ai_jpg\IMG_20240317_220054_resized.jpg,,0
C:\Users\mklim\Desktop\Informatyczne systemy automatyki\electronic-components-scanner-main\ai_jpg\IMG_20240317_220056_1_resized.jpg,,0
C:\Users\mklim\Desktop\Informatyczne systemy automatyki\electronic-components-scanner-main\ai_jpg\IMG_20240317_220056_resized.jpg,,0
C:\Users\mklim\Desktop\Informatyczne systemy automatyki\electronic-components-scanner-main\ai_jpg\IMG_20240317_220057_1_resized.jpg,,0
C:\Users\mklim\Desktop\Informatyczne systemy automatyki\electronic-components-scanner-main\ai_jpg\IMG_20240317_220057_resized.jpg,,0
C:\Users\mklim\Desktop\Informatyczne systemy automatyki\electronic-components-scanner-main\ai_jpg\IMG_20240317_220058_resized.jpg,,0
C:\Users\mklim\Desktop\Informatyczne systemy automatyki\electronic-components-scanner-main\ai_jpg\IMG_20240317_220059_resized.jpg,1322B1058 #EJSSP,0
C:\Users\mklim\Desktop\Informatyczne systemy automatyki\electronic-components-scanner-main\ai_jpg\IMG_20240317_220100_1_resized.jpg,22817058 NESSSP,0
C:\Users\mklim\Desktop\Informatyczne systemy automatyki\electronic-components-scanner-main\ai_jpg\IMG_20240317_220100_2_resized.jpg,,0
C:\Users\mklim\Desktop\Informatyczne systemy automatyki\electronic-components-scanner-main\ai_jpg\IMG_20240317_220100_resized.jpg,,0
C:\Users\mklim\Desktop\Informatyczne systemy automatyki\electronic-components-scanner-main\ai_jpg\IMG_20240317_220106_resized.jpg,,0
C:\Users\mklim\Desktop\Informatyczne systemy automatyki\electronic-components-scanner-main\ai_jpg\IMG_20240317_220108_resized.jpg,,0
C:\Users\mklim\Desktop\Informatyczne systemy automatyki\electronic-components-scanner-main\ai_jpg\IMG_20240317_220109_resized.jpg,12287058 . WESsSP,0
C:\Users\mklim\Desktop\Informatyczne systemy automatyki\electronic-components-scanner-main\ai_jpg\IMG_20240317_220154_1_resized.jpg,aogT,0
C:\Users\mklim\Desktop\Informatyczne systemy automatyki\electronic-components-scanner-main\ai_jpg\IMG_20240317_220154_2_resized.jpg,AOGT,0
C:\Users\mklim\Desktop\Informatyczne systemy automatyki\electronic-components-scanner-main\ai_jpg\IMG_20240317_220154_resized.jpg,AogT,0
C:\Users\mklim\Desktop\Informatyczne systemy automatyki\electronic-components-scanner-main\ai_jpg\IMG_20240317_220155_1_resized.jpg,AQgT,0
C:\Users\mklim\Desktop\Informatyczne systemy automatyki\electronic-components-scanner-main\ai_jpg\IMG_20240317_220155_resized.jpg,AogT,0
C:\Users\mklim\Desktop\Informatyczne systemy automatyki\electronic-components-scanner-main\ai_jpg\IMG_20240317_220202_1_resized.jpg,AogT,0
C:\Users\mklim\Desktop\Informatyczne systemy automatyki\electronic-components-scanner-main\ai_jpg\IMG_20240317_220202_resized.jpg,AO9T,0
C:\Users\mklim\Desktop\Informatyczne systemy automatyki\electronic-components-scanner-main\ai_jpg\IMG_20240317_220203_resized.jpg,Ao9T,0
C:\Users\mklim\Desktop\Informatyczne systemy automatyki\electronic-components-scanner-main\ai_jpg\IMG_20240317_220206_resized.jpg,AogT,0
C:\Users\mklim\Desktop\Informatyczne systemy automatyki\electronic-components-scanner-main\ai_jpg\IMG_20240317_220207_1_resized.jpg,Ao9T,0
C:\Users\mklim\Desktop\Informatyczne systemy automatyki\electronic-components-scanner-main\ai_jpg\IMG_20240317_220207_resized.jpg,Ao9T,0
C:\Users\mklim\Desktop\Informatyczne systemy automatyki\electronic-components-scanner-main\ai_jpg\IMG_20240317_220208_resized.jpg,4091,0
C:\Users\mklim\Desktop\Informatyczne systemy automatyki\electronic-components-scanner-main\ai_jpg\IMG_20240317_220210_resized.jpg,A09T,0
C:\Users\mklim\Desktop\Informatyczne systemy automatyki\electronic-components-scanner-main\ai_jpg\IMG_20240317_220211_1_resized.jpg,'091,0
C:\Users\mklim\Desktop\Informatyczne systemy automatyki\electronic-components-scanner-main\ai_jpg\IMG_20240317_220211_resized.jpg,Au9t,0
C:\Users\mklim\Desktop\Informatyczne systemy automatyki\electronic-components-scanner-main\ai_jpg\IMG_20240317_220213_1_resized.jpg,Ao9T,0
C:\Users\mklim\Desktop\Informatyczne systemy automatyki\electronic-components-scanner-main\ai_jpg\IMG_20240317_220213_resized.jpg,AO9T,0
C:\Users\mklim\Desktop\Informatyczne systemy automatyki\electronic-components-scanner-main\ai_jpg\IMG_20240317_220214_1_resized.jpg,AO9T,0
C:\Users\mklim\Desktop\Informatyczne systemy automatyki\electronic-components-scanner-main\ai_jpg\IMG_20240317_220214_resized.jpg,A09t,0
C:\Users\mklim\Desktop\Informatyczne systemy automatyki\electronic-components-scanner-main\ai_jpg\IMG_20240317_220826_1_resized.jpg,18Lz44z 626952d BAL,0
C:\Users\mklim\Desktop\Informatyczne systemy automatyki\electronic-components-scanner-main\ai_jpg\IMG_20240317_220826_resized.jpg,IRLZ44z  82p9s?d,0
C:\Users\mklim\Desktop\Informatyczne systemy automatyki\electronic-components-scanner-main\ai_jpg\IMG_20240317_220827_resized.jpg,16lz4 z 3827932d,0
C:\Users\mklim\Desktop\Informatyczne systemy automatyki\electronic-components-scanner-main\ai_jpg\IMG_20240317_220828_resized.jpg,JRL744Z 373p9520 0L6 ,0
C:\Users\mklim\Desktop\Informatyczne systemy automatyki\electronic-components-scanner-main\ai_jpg\IMG_20240317_220829_resized.jpg,JR1714Z 7p950 0O,0
C:\Users\mklim\Desktop\Informatyczne systemy automatyki\electronic-components-scanner-main\ai_jpg\IMG_20240317_220830_1_resized.jpg,,0
C:\Users\mklim\Desktop\Informatyczne systemy automatyki\electronic-components-scanner-main\ai_jpg\IMG_20240317_220830_resized.jpg,,0
C:\Users\mklim\Desktop\Informatyczne systemy automatyki\electronic-components-scanner-main\ai_jpg\IMG_20240317_220831_1_resized.jpg,,0
C:\Users\mklim\Desktop\Informatyczne systemy automatyki\electronic-components-scanner-main\ai_jpg\IMG_20240317_220831_2_resized.jpg,IRL7447 Iorp95z0  BAL6,0
C:\Users\mklim\Desktop\Informatyczne systemy automatyki\electronic-components-scanner-main\ai_jpg\IMG_20240317_220831_resized.jpg,Zu 3ap932d,0
C:\Users\mklim\Desktop\Informatyczne systemy automatyki\electronic-components-scanner-main\ai_jpg\IMG_20240317_220832_resized.jpg,Oal Jal 744z Doposzd,0
C:\Users\mklim\Desktop\Informatyczne systemy automatyki\electronic-components-scanner-main\ai_jpg\IMG_20240317_220833_resized.jpg,JRL7447 Cap9sz0 Ualo,0
C:\Users\mklim\Desktop\Informatyczne systemy automatyki\electronic-components-scanner-main\ai_jpg\IMG_20240317_220837_resized.jpg,"JRLZ4Z 33p952d ""Bal6",0
C:\Users\mklim\Desktop\Informatyczne systemy automatyki\electronic-components-scanner-main\ai_jpg\IMG_20240317_220838_resized.jpg,OL 30l74? Edsd,0
C:\Users\mklim\Desktop\Informatyczne systemy automatyki\electronic-components-scanner-main\ai_jpg\IMG_20240317_220843_1_resized.jpg,1fL?442 Dirp95rd 9LL,0
C:\Users\mklim\Desktop\Informatyczne systemy automatyki\electronic-components-scanner-main\ai_jpg\IMG_20240317_220843_resized.jpg,JRl24az Eep9s2d Ba,0
C:\Users\mklim\Desktop\Informatyczne systemy automatyki\electronic-components-scanner-main\ai_jpg\IMG_20240317_220844_1_resized.jpg,1RL244? J iposrd DL,0
C:\Users\mklim\Desktop\Informatyczne systemy automatyki\electronic-components-scanner-main\ai_jpg\IMG_20240317_220844_2_resized.jpg,18Lz44z GCp9szd,0
C:\Users\mklim\Desktop\Informatyczne systemy automatyki\electronic-components-scanner-main\ai_jpg\IMG_20240317_220844_resized.jpg,1pL244z 3p952d 0a,0
C:\Users\mklim\Desktop\Informatyczne systemy automatyki\electronic-components-scanner-main\ai_jpg\IMG_20240317_220845_1_resized.jpg,JRLZ44Z 3oRP9520 BaL 6,0
C:\Users\mklim\Desktop\Informatyczne systemy automatyki\electronic-components-scanner-main\ai_jpg\IMG_20240317_220845_2_resized.jpg,1pL?44> Deposrd Araa,0
C:\Users\mklim\Desktop\Informatyczne systemy automatyki\electronic-components-scanner-main\ai_jpg\IMG_20240317_220845_resized.jpg,17l24az TTp95Rd BA,0
C:\Users\mklim\Desktop\Informatyczne systemy automatyki\electronic-components-scanner-main\ai_jpg\IMG_20240317_220859_resized.jpg,,0
C:\Users\mklim\Desktop\Informatyczne systemy automatyki\electronic-components-scanner-main\ai_jpg\IMG_20240317_220900_1_resized.jpg,,0
C:\Users\mklim\Desktop\Informatyczne systemy automatyki\electronic-components-scanner-main\ai_jpg\IMG_20240317_220900_resized.jpg,,0
C:\Users\mklim\Desktop\Informatyczne systemy automatyki\electronic-components-scanner-main\ai_jpg\IMG_20240317_220901_resized.jpg,,0
C:\Users\mklim\Desktop\Informatyczne systemy automatyki\electronic-components-scanner-main\ai_jpg\IMG_20240317_220902_resized.jpg,,0
C:\Users\mklim\Desktop\Informatyczne systemy automatyki\electronic-components-scanner-main\ai_jpg\IMG_20240317_220903_resized.jpg,,0
C:\Users\mklim\Desktop\Informatyczne systemy automatyki\electronic-components-scanner-main\ai_jpg\IMG_20240317_220904_resized.jpg,,0
C:\Users\mklim\Desktop\Informatyczne systemy automatyki\electronic-components-scanner-main\ai_jpg\IMG_20240317_220905_resized.jpg,,0
C:\Users\mklim\Desktop\Informatyczne systemy automatyki\electronic-components-scanner-main\ai_jpg\IMG_20240317_220908_1_resized.jpg,,0
C:\Users\mklim\Desktop\Informatyczne systemy automatyki\electronic-components-scanner-main\ai_jpg\IMG_20240317_220908_resized.jpg,,0
C:\Users\mklim\Desktop\Informatyczne systemy automatyki\electronic-components-scanner-main\ai_jpg\IMG_20240317_220911_1_resized.jpg,,0
C:\Users\mklim\Desktop\Informatyczne systemy automatyki\electronic-components-scanner-main\ai_jpg\IMG_20240317_220911_resized.jpg,,0
C:\Users\mklim\Desktop\Informatyczne systemy automatyki\electronic-components-scanner-main\ai_jpg\IMG_20240317_220912_1_resized.jpg,,0
C:\Users\mklim\Desktop\Informatyczne systemy automatyki\electronic-components-scanner-main\ai_jpg\IMG_20240317_220912_resized.jpg,,0
C:\Users\mklim\Desktop\Informatyczne systemy automatyki\electronic-components-scanner-main\ai_jpg\IMG_20240317_220913_resized.jpg,,0
C:\Users\mklim\Desktop\Informatyczne systemy automatyki\electronic-components-scanner-main\ai_jpg\IMG_20240317_220914_1_resized.jpg,,0
C:\Users\mklim\Desktop\Informatyczne systemy automatyki\electronic-components-scanner-main\ai_jpg\IMG_20240317_220914_resized.jpg,,0
C:\Users\mklim\Desktop\Informatyczne systemy automatyki\electronic-components-scanner-main\ai_jpg\IMG_20240317_220923_resized.jpg,"""grupt PHGo3uo 0641",0
C:\Users\mklim\Desktop\Informatyczne systemy automatyki\electronic-components-scanner-main\ai_jpg\IMG_20240317_220924_1_resized.jpg,"""83gP "" PHmo3uo u641",0
C:\Users\mklim\Desktop\Informatyczne systemy automatyki\electronic-components-scanner-main\ai_jpg\IMG_20240317_220924_2_resized.jpg,"CHI 73,4",0
C:\Users\mklim\Desktop\Informatyczne systemy automatyki\electronic-components-scanner-main\ai_jpg\IMG_20240317_220924_resized.jpg,23z4,0
C:\Users\mklim\Desktop\Informatyczne systemy automatyki\electronic-components-scanner-main\ai_jpg\IMG_20240317_220925_1_resized.jpg,#UK1u1 S0nL PHmu3uG04,0
C:\Users\mklim\Desktop\Informatyczne systemy automatyki\electronic-components-scanner-main\ai_jpg\IMG_20240317_220925_2_resized.jpg,"""g521 PHmb50r04",0
C:\Users\mklim\Desktop\Informatyczne systemy automatyki\electronic-components-scanner-main\ai_jpg\IMG_20240317_220925_resized.jpg,muKiu7 Sw) PH62uaOg0,0
C:\Users\mklim\Desktop\Informatyczne systemy automatyki\electronic-components-scanner-main\ai_jpg\IMG_20240317_220926_1_resized.jpg,"JIUK401 Phmonbad""",0
C:\Users\mklim\Desktop\Informatyczne systemy automatyki\electronic-components-scanner-main\ai_jpg\IMG_20240317_220926_2_resized.jpg,734 PHmC,0
C:\Users\mklim\Desktop\Informatyczne systemy automatyki\electronic-components-scanner-main\ai_jpg\IMG_20240317_220926_3_resized.jpg,IIUKA0T PHmaibana,0
C:\Users\mklim\Desktop\Informatyczne systemy automatyki\electronic-components-scanner-main\ai_jpg\IMG_20240317_220926_resized.jpg,"""ukint Ph73336  4",0
C:\Users\mklim\Desktop\Informatyczne systemy automatyki\electronic-components-scanner-main\ai_jpg\IMG_20240317_220927_1_resized.jpg,,0
C:\Users\mklim\Desktop\Informatyczne systemy automatyki\electronic-components-scanner-main\ai_jpg\IMG_20240317_220927_resized.jpg,M0K07 5031 P0m030nu,0
C:\Users\mklim\Desktop\Informatyczne systemy automatyki\electronic-components-scanner-main\ai_jpg\IMG_20240317_220928_1_resized.jpg,,0
C:\Users\mklim\Desktop\Informatyczne systemy automatyki\electronic-components-scanner-main\ai_jpg\IMG_20240317_220928_2_resized.jpg,,0
C:\Users\mklim\Desktop\Informatyczne systemy automatyki\electronic-components-scanner-main\ai_jpg\IMG_20240317_220928_resized.jpg,0kj01 Ti 1703onot,0
C:\Users\mklim\Desktop\Informatyczne systemy automatyki\electronic-components-scanner-main\ai_jpg\IMG_20240317_220929_1_resized.jpg,,0
C:\Users\mklim\Desktop\Informatyczne systemy automatyki\electronic-components-scanner-main\ai_jpg\IMG_20240317_220929_resized.jpg,,0
C:\Users\mklim\Desktop\Informatyczne systemy automatyki\electronic-components-scanner-main\ai_jpg\IMG_20240317_220930_1_resized.jpg,"""8KgP; P07638604",0
C:\Users\mklim\Desktop\Informatyczne systemy automatyki\electronic-components-scanner-main\ai_jpg\IMG_20240317_220930_resized.jpg,"""8KBEt",0
C:\Users\mklim\Desktop\Informatyczne systemy automatyki\electronic-components-scanner-main\ai_jpg\IMG_20240317_220931_resized.jpg,"""8Kp: 0Hm03u04",0
C:\Users\mklim\Desktop\Informatyczne systemy automatyki\electronic-components-scanner-main\ai_jpg\IMG_20240317_220941_1_resized.jpg,LM X-32753G,0
C:\Users\mklim\Desktop\Informatyczne systemy automatyki\electronic-components-scanner-main\ai_jpg\IMG_20240317_220941_resized.jpg,,0
C:\Users\mklim\Desktop\Informatyczne systemy automatyki\electronic-components-scanner-main\ai_jpg\IMG_20240317_220942_1_resized.jpg,"LM"" 397 A632753G",0
C:\Users\mklim\Desktop\Informatyczne systemy automatyki\electronic-components-scanner-main\ai_jpg\IMG_20240317_220942_2_resized.jpg,LM 43273sG 307,0
C:\Users\mklim\Desktop\Informatyczne systemy automatyki\electronic-components-scanner-main\ai_jpg\IMG_20240317_220942_resized.jpg,"(OE Lm"" 007 Af82r3sG",0
C:\Users\mklim\Desktop\Informatyczne systemy automatyki\electronic-components-scanner-main\ai_jpg\IMG_20240317_220943_1_resized.jpg,4327790,0
C:\Users\mklim\Desktop\Informatyczne systemy automatyki\electronic-components-scanner-main\ai_jpg\IMG_20240317_220943_2_resized.jpg,L 3752530,0
C:\Users\mklim\Desktop\Informatyczne systemy automatyki\electronic-components-scanner-main\ai_jpg\IMG_20240317_220943_resized.jpg,47821,0
C:\Users\mklim\Desktop\Informatyczne systemy automatyki\electronic-components-scanner-main\ai_jpg\IMG_20240317_220944_1_resized.jpg,LM 47383338,0
C:\Users\mklim\Desktop\Informatyczne systemy automatyki\electronic-components-scanner-main\ai_jpg\IMG_20240317_220944_2_resized.jpg,33,0
C:\Users\mklim\Desktop\Informatyczne systemy automatyki\electronic-components-scanner-main\ai_jpg\IMG_20240317_220944_resized.jpg,03o LA 297 4827338,0
C:\Users\mklim\Desktop\Informatyczne systemy automatyki\electronic-components-scanner-main\ai_jpg\IMG_20240317_220945_1_resized.jpg,3375 Jsn330.,0
C:\Users\mklim\Desktop\Informatyczne systemy automatyki\electronic-components-scanner-main\ai_jpg\IMG_20240317_220945_2_resized.jpg,,0
C:\Users\mklim\Desktop\Informatyczne systemy automatyki\electronic-components-scanner-main\ai_jpg\IMG_20240317_220945_resized.jpg,307 S3n.b0-,0
C:\Users\mklim\Desktop\Informatyczne systemy automatyki\electronic-components-scanner-main\ai_jpg\IMG_20240317_220947_resized.jpg,,0
C:\Users\mklim\Desktop\Informatyczne systemy automatyki\electronic-components-scanner-main\ai_jpg\IMG_20240317_220949_1_resized.jpg, 323330,0
C:\Users\mklim\Desktop\Informatyczne systemy automatyki\electronic-components-scanner-main\ai_jpg\IMG_20240317_220949_resized.jpg,497 Afsrn3bo,0
C:\Users\mklim\Desktop\Informatyczne systemy automatyki\electronic-components-scanner-main\ai_jpg\IMG_20240317_220950_1_resized.jpg,LA 3877 4f8zn.8e,0
C:\Users\mklim\Desktop\Informatyczne systemy automatyki\electronic-components-scanner-main\ai_jpg\IMG_20240317_220950_resized.jpg,4F333330,0
C:\Users\mklim\Desktop\Informatyczne systemy automatyki\electronic-components-scanner-main\ai_jpg\IMG_20240317_220959_resized.jpg,38e23,0
C:\Users\mklim\Desktop\Informatyczne systemy automatyki\electronic-components-scanner-main\ai_jpg\IMG_20240317_221000_1_resized.jpg,8p233,0
C:\Users\mklim\Desktop\Informatyczne systemy automatyki\electronic-components-scanner-main\ai_jpg\IMG_20240317_221000_2_resized.jpg,B0139 NXP 54,0
C:\Users\mklim\Desktop\Informatyczne systemy automatyki\electronic-components-scanner-main\ai_jpg\IMG_20240317_221000_resized.jpg,88233,0
C:\Users\mklim\Desktop\Informatyczne systemy automatyki\electronic-components-scanner-main\ai_jpg\IMG_20240317_221001_1_resized.jpg,8,0
C:\Users\mklim\Desktop\Informatyczne systemy automatyki\electronic-components-scanner-main\ai_jpg\IMG_20240317_221001_2_resized.jpg,Bpp3,0
C:\Users\mklim\Desktop\Informatyczne systemy automatyki\electronic-components-scanner-main\ai_jpg\IMG_20240317_221001_resized.jpg,89 R82,0
C:\Users\mklim\Desktop\Informatyczne systemy automatyki\electronic-components-scanner-main\ai_jpg\IMG_20240317_221002_1_resized.jpg,39 Re?,0
C:\Users\mklim\Desktop\Informatyczne systemy automatyki\electronic-components-scanner-main\ai_jpg\IMG_20240317_221002_2_resized.jpg,Be2 20,0
C:\Users\mklim\Desktop\Informatyczne systemy automatyki\electronic-components-scanner-main\ai_jpg\IMG_20240317_221002_resized.jpg,39 3o12 NIP,0
C:\Users\mklim\Desktop\Informatyczne systemy automatyki\electronic-components-scanner-main\ai_jpg\IMG_20240317_221003_1_resized.jpg,2283,0
C:\Users\mklim\Desktop\Informatyczne systemy automatyki\electronic-components-scanner-main\ai_jpg\IMG_20240317_221003_2_resized.jpg,33 Bol,0
C:\Users\mklim\Desktop\Informatyczne systemy automatyki\electronic-components-scanner-main\ai_jpg\IMG_20240317_221003_resized.jpg,28223,0
C:\Users\mklim\Desktop\Informatyczne systemy automatyki\electronic-components-scanner-main\ai_jpg\IMG_20240317_221004_resized.jpg,39 54 BD1 NXP,0
C:\Users\mklim\Desktop\Informatyczne systemy automatyki\electronic-components-scanner-main\ai_jpg\IMG_20240317_221005_1_resized.jpg,B0 39,0
C:\Users\mklim\Desktop\Informatyczne systemy automatyki\electronic-components-scanner-main\ai_jpg\IMG_20240317_221005_2_resized.jpg,Bd Nxp 39 54,0
C:\Users\mklim\Desktop\Informatyczne systemy automatyki\electronic-components-scanner-main\ai_jpg\IMG_20240317_221005_resized.jpg,39 54 BD1 NXP,0
C:\Users\mklim\Desktop\Informatyczne systemy automatyki\electronic-components-scanner-main\ai_jpg\IMG_20240317_221007_1_resized.jpg,Fb233,0
C:\Users\mklim\Desktop\Informatyczne systemy automatyki\electronic-components-scanner-main\ai_jpg\IMG_20240317_221007_resized.jpg,88e33,0
C:\Users\mklim\Desktop\Informatyczne systemy automatyki\electronic-components-scanner-main\ai_jpg\IMG_20240317_221008_1_resized.jpg,8Re 33,0
C:\Users\mklim\Desktop\Informatyczne systemy automatyki\electronic-components-scanner-main\ai_jpg\IMG_20240317_221008_resized.jpg,88233,0
C:\Users\mklim\Desktop\Informatyczne systemy automatyki\electronic-components-scanner-main\ai_jpg\IMG_20240317_221022_1_resized.jpg,23338,0
C:\Users\mklim\Desktop\Informatyczne systemy automatyki\electronic-components-scanner-main\ai_jpg\IMG_20240317_221022_resized.jpg,23 gg6,0
C:\Users\mklim\Desktop\Informatyczne systemy automatyki\electronic-components-scanner-main\ai_jpg\IMG_20240317_221023_1_resized.jpg,7z,0
C:\Users\mklim\Desktop\Informatyczne systemy automatyki\electronic-components-scanner-main\ai_jpg\IMG_20240317_221023_2_resized.jpg,27328,0
C:\Users\mklim\Desktop\Informatyczne systemy automatyki\electronic-components-scanner-main\ai_jpg\IMG_20240317_221023_resized.jpg,27 gg6,0
C:\Users\mklim\Desktop\Informatyczne systemy automatyki\electronic-components-scanner-main\ai_jpg\IMG_20240317_221024_1_resized.jpg,"21 27326""",0
C:\Users\mklim\Desktop\Informatyczne systemy automatyki\electronic-components-scanner-main\ai_jpg\IMG_20240317_221024_resized.jpg,23328,0
C:\Users\mklim\Desktop\Informatyczne systemy automatyki\electronic-components-scanner-main\ai_jpg\IMG_20240317_221025_1_resized.jpg,24 22 2,0
C:\Users\mklim\Desktop\Informatyczne systemy automatyki\electronic-components-scanner-main\ai_jpg\IMG_20240317_221025_resized.jpg,2n1 23336,0
C:\Users\mklim\Desktop\Informatyczne systemy automatyki\electronic-components-scanner-main\ai_jpg\IMG_20240317_221026_resized.jpg,336,0
C:\Users\mklim\Desktop\Informatyczne systemy automatyki\electronic-components-scanner-main\ai_jpg\IMG_20240317_221027_1_resized.jpg,334,0
C:\Users\mklim\Desktop\Informatyczne systemy automatyki\electronic-components-scanner-main\ai_jpg\IMG_20240317_221027_2_resized.jpg,,0
C:\Users\mklim\Desktop\Informatyczne systemy automatyki\electronic-components-scanner-main\ai_jpg\IMG_20240317_221027_resized.jpg,,0
C:\Users\mklim\Desktop\Informatyczne systemy automatyki\electronic-components-scanner-main\ai_jpg\IMG_20240317_221028_1_resized.jpg,,0
C:\Users\mklim\Desktop\Informatyczne systemy automatyki\electronic-components-scanner-main\ai_jpg\IMG_20240317_221028_resized.jpg,,0
C:\Users\mklim\Desktop\Informatyczne systemy automatyki\electronic-components-scanner-main\ai_jpg\IMG_20240317_221033_resized.jpg,23338,0
C:\Users\mklim\Desktop\Informatyczne systemy automatyki\electronic-components-scanner-main\ai_jpg\IMG_20240317_221034_1_resized.jpg,2338,0
C:\Users\mklim\Desktop\Informatyczne systemy automatyki\electronic-components-scanner-main\ai_jpg\IMG_20240317_221034_2_resized.jpg,23338,0
C:\Users\mklim\Desktop\Informatyczne systemy automatyki\electronic-components-scanner-main\ai_jpg\IMG_20240317_221034_resized.jpg,21728,0
C:\Users\mklim\Desktop\Informatyczne systemy automatyki\electronic-components-scanner-main\ai_jpg\IMG_20240317_221035_resized.jpg,20 232g2,0
C:\Users\mklim\Desktop\Informatyczne systemy automatyki\electronic-components-scanner-main\ai_jpg\IMG_20240317_221044_resized.jpg,24 2888,0
C:\Users\mklim\Desktop\Informatyczne systemy automatyki\electronic-components-scanner-main\ai_jpg\IMG_20240317_221045_1_resized.jpg,2838,0
C:\Users\mklim\Desktop\Informatyczne systemy automatyki\electronic-components-scanner-main\ai_jpg\IMG_20240317_221045_2_resized.jpg,24 2883,0
C:\Users\mklim\Desktop\Informatyczne systemy automatyki\electronic-components-scanner-main\ai_jpg\IMG_20240317_221045_resized.jpg,2838,0
C:\Users\mklim\Desktop\Informatyczne systemy automatyki\electronic-components-scanner-main\ai_jpg\IMG_20240317_221046_1_resized.jpg,,0
C:\Users\mklim\Desktop\Informatyczne systemy automatyki\electronic-components-scanner-main\ai_jpg\IMG_20240317_221046_resized.jpg,,0
C:\Users\mklim\Desktop\Informatyczne systemy automatyki\electronic-components-scanner-main\ai_jpg\IMG_20240317_221047_1_resized.jpg,21 2R88,0
C:\Users\mklim\Desktop\Informatyczne systemy automatyki\electronic-components-scanner-main\ai_jpg\IMG_20240317_221047_resized.jpg,,0
C:\Users\mklim\Desktop\Informatyczne systemy automatyki\electronic-components-scanner-main\ai_jpg\IMG_20240317_221048_1_resized.jpg,28 288,0
C:\Users\mklim\Desktop\Informatyczne systemy automatyki\electronic-components-scanner-main\ai_jpg\IMG_20240317_221048_2_resized.jpg,,0
C:\Users\mklim\Desktop\Informatyczne systemy automatyki\electronic-components-scanner-main\ai_jpg\IMG_20240317_221048_resized.jpg,21 888,0
C:\Users\mklim\Desktop\Informatyczne systemy automatyki\electronic-components-scanner-main\ai_jpg\IMG_20240317_221050_1_resized.jpg,2889,0
C:\Users\mklim\Desktop\Informatyczne systemy automatyki\electronic-components-scanner-main\ai_jpg\IMG_20240317_221050_2_resized.jpg,2n 2889,0
C:\Users\mklim\Desktop\Informatyczne systemy automatyki\electronic-components-scanner-main\ai_jpg\IMG_20240317_221050_resized.jpg,2889,0
C:\Users\mklim\Desktop\Informatyczne systemy automatyki\electronic-components-scanner-main\ai_jpg\IMG_20240317_221101_1_resized.jpg,,0
C:\Users\mklim\Desktop\Informatyczne systemy automatyki\electronic-components-scanner-main\ai_jpg\IMG_20240317_221101_resized.jpg,,0
C:\Users\mklim\Desktop\Informatyczne systemy automatyki\electronic-components-scanner-main\ai_jpg\IMG_20240317_221102_1_resized.jpg,,0
C:\Users\mklim\Desktop\Informatyczne systemy automatyki\electronic-components-scanner-main\ai_jpg\IMG_20240317_221102_2_resized.jpg,,0
C:\Users\mklim\Desktop\Informatyczne systemy automatyki\electronic-components-scanner-main\ai_jpg\IMG_20240317_221102_resized.jpg,,0
C:\Users\mklim\Desktop\Informatyczne systemy automatyki\electronic-components-scanner-main\ai_jpg\IMG_20240317_221103_1_resized.jpg,,0
C:\Users\mklim\Desktop\Informatyczne systemy automatyki\electronic-components-scanner-main\ai_jpg\IMG_20240317_221103_2_resized.jpg,,0
C:\Users\mklim\Desktop\Informatyczne systemy automatyki\electronic-components-scanner-main\ai_jpg\IMG_20240317_221103_resized.jpg,,0
C:\Users\mklim\Desktop\Informatyczne systemy automatyki\electronic-components-scanner-main\ai_jpg\IMG_20240317_221104_1_resized.jpg,,0
C:\Users\mklim\Desktop\Informatyczne systemy automatyki\electronic-components-scanner-main\ai_jpg\IMG_20240317_221104_2_resized.jpg,,0
C:\Users\mklim\Desktop\Informatyczne systemy automatyki\electronic-components-scanner-main\ai_jpg\IMG_20240317_221104_3_resized.jpg,,0
C:\Users\mklim\Desktop\Informatyczne systemy automatyki\electronic-components-scanner-main\ai_jpg\IMG_20240317_221104_resized.jpg,,0
C:\Users\mklim\Desktop\Informatyczne systemy automatyki\electronic-components-scanner-main\ai_jpg\IMG_20240317_221105_1_resized.jpg,4835,0
C:\Users\mklim\Desktop\Informatyczne systemy automatyki\electronic-components-scanner-main\ai_jpg\IMG_20240317_221105_2_resized.jpg,#L=,0
C:\Users\mklim\Desktop\Informatyczne systemy automatyki\electronic-components-scanner-main\ai_jpg\IMG_20240317_221105_resized.jpg,,0
C:\Users\mklim\Desktop\Informatyczne systemy automatyki\electronic-components-scanner-main\ai_jpg\IMG_20240317_221107_1_resized.jpg,,0
C:\Users\mklim\Desktop\Informatyczne systemy automatyki\electronic-components-scanner-main\ai_jpg\IMG_20240317_221107_2_resized.jpg,,0
C:\Users\mklim\Desktop\Informatyczne systemy automatyki\electronic-components-scanner-main\ai_jpg\IMG_20240317_221107_resized.jpg,,0
C:\Users\mklim\Desktop\Informatyczne systemy automatyki\electronic-components-scanner-main\ai_jpg\IMG_20240317_221108_resized.jpg,,0
C:\Users\mklim\Desktop\Informatyczne systemy automatyki\electronic-components-scanner-main\ai_jpg\IMG_20240317_221118_resized.jpg,,0
C:\Users\mklim\Desktop\Informatyczne systemy automatyki\electronic-components-scanner-main\ai_jpg\IMG_20240317_221119_1_resized.jpg,,0
C:\Users\mklim\Desktop\Informatyczne systemy automatyki\electronic-components-scanner-main\ai_jpg\IMG_20240317_221119_2_resized.jpg,,0
C:\Users\mklim\Desktop\Informatyczne systemy automatyki\electronic-components-scanner-main\ai_jpg\IMG_20240317_221119_resized.jpg,,0
C:\Users\mklim\Desktop\Informatyczne systemy automatyki\electronic-components-scanner-main\ai_jpg\IMG_20240317_221120_1_resized.jpg,,0
C:\Users\mklim\Desktop\Informatyczne systemy automatyki\electronic-components-scanner-main\ai_jpg\IMG_20240317_221120_2_resized.jpg,,0
C:\Users\mklim\Desktop\Informatyczne systemy automatyki\electronic-components-scanner-main\ai_jpg\IMG_20240317_221120_3_resized.jpg,,0
C:\Users\mklim\Desktop\Informatyczne systemy automatyki\electronic-components-scanner-main\ai_jpg\IMG_20240317_221120_resized.jpg,,0
C:\Users\mklim\Desktop\Informatyczne systemy automatyki\electronic-components-scanner-main\ai_jpg\IMG_20240317_221121_1_resized.jpg,,0
C:\Users\mklim\Desktop\Informatyczne systemy automatyki\electronic-components-scanner-main\ai_jpg\IMG_20240317_221121_2_resized.jpg,,0
C:\Users\mklim\Desktop\Informatyczne systemy automatyki\electronic-components-scanner-main\ai_jpg\IMG_20240317_221121_resized.jpg,,0
C:\Users\mklim\Desktop\Informatyczne systemy automatyki\electronic-components-scanner-main\ai_jpg\IMG_20240317_221122_1_resized.jpg,,0
C:\Users\mklim\Desktop\Informatyczne systemy automatyki\electronic-components-scanner-main\ai_jpg\IMG_20240317_221122_2_resized.jpg,,0
C:\Users\mklim\Desktop\Informatyczne systemy automatyki\electronic-components-scanner-main\ai_jpg\IMG_20240317_221122_resized.jpg,Sa24 403 OccD Iia,0
C:\Users\mklim\Desktop\Informatyczne systemy automatyki\electronic-components-scanner-main\ai_jpg\IMG_20240317_221123_1_resized.jpg,,0
C:\Users\mklim\Desktop\Informatyczne systemy automatyki\electronic-components-scanner-main\ai_jpg\IMG_20240317_221123_2_resized.jpg,,0
C:\Users\mklim\Desktop\Informatyczne systemy automatyki\electronic-components-scanner-main\ai_jpg\IMG_20240317_221123_resized.jpg,,0
C:\Users\mklim\Desktop\Informatyczne systemy automatyki\electronic-components-scanner-main\ai_jpg\IMG_20240317_221124_resized.jpg,,0
C:\Users\mklim\Desktop\Informatyczne systemy automatyki\electronic-components-scanner-main\ai_jpg\IMG_20240317_221125_1_resized.jpg,{o332c83 PanbiBO,0
C:\Users\mklim\Desktop\Informatyczne systemy automatyki\electronic-components-scanner-main\ai_jpg\IMG_20240317_221125_2_resized.jpg,,0
C:\Users\mklim\Desktop\Informatyczne systemy automatyki\electronic-components-scanner-main\ai_jpg\IMG_20240317_221125_resized.jpg,493 7 7033588,0
C:\Users\mklim\Desktop\Informatyczne systemy automatyki\electronic-components-scanner-main\ai_jpg\IMG_20240317_221134_1_resized.jpg,Fas4ON #PrEoo8J Au,0
C:\Users\mklim\Desktop\Informatyczne systemy automatyki\electronic-components-scanner-main\ai_jpg\IMG_20240317_221134_2_resized.jpg,F9s4un PoobJ,0
C:\Users\mklim\Desktop\Informatyczne systemy automatyki\electronic-components-scanner-main\ai_jpg\IMG_20240317_221134_3_resized.jpg,9b4u5 03,0
C:\Users\mklim\Desktop\Informatyczne systemy automatyki\electronic-components-scanner-main\ai_jpg\IMG_20240317_221134_resized.jpg,7954ON #RRboobJ 7M,0
C:\Users\mklim\Desktop\Informatyczne systemy automatyki\electronic-components-scanner-main\ai_jpg\IMG_20240317_221135_1_resized.jpg,,0
C:\Users\mklim\Desktop\Informatyczne systemy automatyki\electronic-components-scanner-main\ai_jpg\IMG_20240317_221135_2_resized.jpg,R9saun 2698 TM,0
C:\Users\mklim\Desktop\Informatyczne systemy automatyki\electronic-components-scanner-main\ai_jpg\IMG_20240317_221135_3_resized.jpg,PRPoobj Pos4uN,0
C:\Users\mklim\Desktop\Informatyczne systemy automatyki\electronic-components-scanner-main\ai_jpg\IMG_20240317_221135_resized.jpg,7924o,0
C:\Users\mklim\Desktop\Informatyczne systemy automatyki\electronic-components-scanner-main\ai_jpg\IMG_20240317_221136_1_resized.jpg,Bo08J Opon,0
C:\Users\mklim\Desktop\Informatyczne systemy automatyki\electronic-components-scanner-main\ai_jpg\IMG_20240317_221136_resized.jpg,Poos] 29 ZM F9540N #R,0
C:\Users\mklim\Desktop\Informatyczne systemy automatyki\electronic-components-scanner-main\ai_jpg\IMG_20240317_221137_1_resized.jpg,9S4UN ~Ppa,0
C:\Users\mklim\Desktop\Informatyczne systemy automatyki\electronic-components-scanner-main\ai_jpg\IMG_20240317_221137_resized.jpg,,0
C:\Users\mklim\Desktop\Informatyczne systemy automatyki\electronic-components-scanner-main\ai_jpg\IMG_20240317_221138_1_resized.jpg,Be0 To,0
C:\Users\mklim\Desktop\Informatyczne systemy automatyki\electronic-components-scanner-main\ai_jpg\IMG_20240317_221138_2_resized.jpg,,0
C:\Users\mklim\Desktop\Informatyczne systemy automatyki\electronic-components-scanner-main\ai_jpg\IMG_20240317_221138_resized.jpg,,0
C:\Users\mklim\Desktop\Informatyczne systemy automatyki\electronic-components-scanner-main\ai_jpg\IMG_20240317_221139_resized.jpg,Fasson Oo8J,0
C:\Users\mklim\Desktop\Informatyczne systemy automatyki\electronic-components-scanner-main\ai_jpg\IMG_20240317_221140_1_resized.jpg,O,0
C:\Users\mklim\Desktop\Informatyczne systemy automatyki\electronic-components-scanner-main\ai_jpg\IMG_20240317_221140_resized.jpg,9840r 03o,0
C:\Users\mklim\Desktop\Informatyczne systemy automatyki\electronic-components-scanner-main\ai_jpg\IMG_20240317_221141_resized.jpg,se0 339,0
C:\Users\mklim\Desktop\Informatyczne systemy automatyki\electronic-components-scanner-main\ai_jpg\IMG_20240317_221148_1_resized.jpg,R740,0
C:\Users\mklim\Desktop\Informatyczne systemy automatyki\electronic-components-scanner-main\ai_jpg\IMG_20240317_221148_resized.jpg,,0
C:\Users\mklim\Desktop\Informatyczne systemy automatyki\electronic-components-scanner-main\ai_jpg\IMG_20240317_221149_1_resized.jpg,R7740,0
C:\Users\mklim\Desktop\Informatyczne systemy automatyki\electronic-components-scanner-main\ai_jpg\IMG_20240317_221149_2_resized.jpg,I740,0
C:\Users\mklim\Desktop\Informatyczne systemy automatyki\electronic-components-scanner-main\ai_jpg\IMG_20240317_221149_resized.jpg,IRF740 EI,0
C:\Users\mklim\Desktop\Informatyczne systemy automatyki\electronic-components-scanner-main\ai_jpg\IMG_20240317_221150_1_resized.jpg,IRf740,0
C:\Users\mklim\Desktop\Informatyczne systemy automatyki\electronic-components-scanner-main\ai_jpg\IMG_20240317_221150_2_resized.jpg,JRF74O,0
C:\Users\mklim\Desktop\Informatyczne systemy automatyki\electronic-components-scanner-main\ai_jpg\IMG_20240317_221150_3_resized.jpg,,0
C:\Users\mklim\Desktop\Informatyczne systemy automatyki\electronic-components-scanner-main\ai_jpg\IMG_20240317_221150_resized.jpg,IRF74O,0
C:\Users\mklim\Desktop\Informatyczne systemy automatyki\electronic-components-scanner-main\ai_jpg\IMG_20240317_221151_1_resized.jpg,PI 2c JRF740,0
C:\Users\mklim\Desktop\Informatyczne systemy automatyki\electronic-components-scanner-main\ai_jpg\IMG_20240317_221151_2_resized.jpg,PI 2c JRF140,0
C:\Users\mklim\Desktop\Informatyczne systemy automatyki\electronic-components-scanner-main\ai_jpg\IMG_20240317_221151_resized.jpg,,0
C:\Users\mklim\Desktop\Informatyczne systemy automatyki\electronic-components-scanner-main\ai_jpg\IMG_20240317_221152_1_resized.jpg,43p740,0
C:\Users\mklim\Desktop\Informatyczne systemy automatyki\electronic-components-scanner-main\ai_jpg\IMG_20240317_221152_resized.jpg,er 20 4 Jre14o,0
C:\Users\mklim\Desktop\Informatyczne systemy automatyki\electronic-components-scanner-main\ai_jpg\IMG_20240317_221153_1_resized.jpg,IRF740 E1,0
C:\Users\mklim\Desktop\Informatyczne systemy automatyki\electronic-components-scanner-main\ai_jpg\IMG_20240317_221153_2_resized.jpg,IRF740 2C {D,0
C:\Users\mklim\Desktop\Informatyczne systemy automatyki\electronic-components-scanner-main\ai_jpg\IMG_20240317_221153_resized.jpg,IRF40,0
C:\Users\mklim\Desktop\Informatyczne systemy automatyki\electronic-components-scanner-main\ai_jpg\IMG_20240317_221154_1_resized.jpg,IRp74O 2â‚¬,0
C:\Users\mklim\Desktop\Informatyczne systemy automatyki\electronic-components-scanner-main\ai_jpg\IMG_20240317_221154_resized.jpg,IRF74O,0
C:\Users\mklim\Desktop\Informatyczne systemy automatyki\electronic-components-scanner-main\ai_jpg\IMG_20240317_221207_1_resized.jpg,1808 BD2AAC,0
C:\Users\mklim\Desktop\Informatyczne systemy automatyki\electronic-components-scanner-main\ai_jpg\IMG_20240317_221207_2_resized.jpg,1808 BD244C,0
C:\Users\mklim\Desktop\Informatyczne systemy automatyki\electronic-components-scanner-main\ai_jpg\IMG_20240317_221207_resized.jpg,1808 Bd2440,0
C:\Users\mklim\Desktop\Informatyczne systemy automatyki\electronic-components-scanner-main\ai_jpg\IMG_20240317_221208_1_resized.jpg,+ 18o8 BD2AAC,0
C:\Users\mklim\Desktop\Informatyczne systemy automatyki\electronic-components-scanner-main\ai_jpg\IMG_20240317_221208_2_resized.jpg,1808 44C BD2,0
C:\Users\mklim\Desktop\Informatyczne systemy automatyki\electronic-components-scanner-main\ai_jpg\IMG_20240317_221208_3_resized.jpg,$ 7808 80244C,0
C:\Users\mklim\Desktop\Informatyczne systemy automatyki\electronic-components-scanner-main\ai_jpg\IMG_20240317_221208_resized.jpg,7 1808 B024AC,0
C:\Users\mklim\Desktop\Informatyczne systemy automatyki\electronic-components-scanner-main\ai_jpg\IMG_20240317_221209_1_resized.jpg,1808 Bd244C,0
C:\Users\mklim\Desktop\Informatyczne systemy automatyki\electronic-components-scanner-main\ai_jpg\IMG_20240317_221209_2_resized.jpg,7808 Bd2448,0
C:\Users\mklim\Desktop\Informatyczne systemy automatyki\electronic-components-scanner-main\ai_jpg\IMG_20240317_221209_resized.jpg,# 1801 862442,0
C:\Users\mklim\Desktop\Informatyczne systemy automatyki\electronic-components-scanner-main\ai_jpg\IMG_20240317_221210_1_resized.jpg,'1808 ! BD244C,0
C:\Users\mklim\Desktop\Informatyczne systemy automatyki\electronic-components-scanner-main\ai_jpg\IMG_20240317_221210_2_resized.jpg,1808 BD2440,0
C:\Users\mklim\Desktop\Informatyczne systemy automatyki\electronic-components-scanner-main\ai_jpg\IMG_20240317_221210_resized.jpg,1808 BD244C,0
C:\Users\mklim\Desktop\Informatyczne systemy automatyki\electronic-components-scanner-main\ai_jpg\IMG_20240317_221211_1_resized.jpg,,0
C:\Users\mklim\Desktop\Informatyczne systemy automatyki\electronic-components-scanner-main\ai_jpg\IMG_20240317_221211_2_resized.jpg,,0
C:\Users\mklim\Desktop\Informatyczne systemy automatyki\electronic-components-scanner-main\ai_jpg\IMG_20240317_221211_resized.jpg,F 1808 BD244C,0
C:\Users\mklim\Desktop\Informatyczne systemy automatyki\electronic-components-scanner-main\ai_jpg\IMG_20240317_221213_1_resized.jpg,7808 Bd2440,0
C:\Users\mklim\Desktop\Informatyczne systemy automatyki\electronic-components-scanner-main\ai_jpg\IMG_20240317_221213_2_resized.jpg,1808 B02442,0
C:\Users\mklim\Desktop\Informatyczne systemy automatyki\electronic-components-scanner-main\ai_jpg\IMG_20240317_221213_resized.jpg,1808 BD2AAC,0
C:\Users\mklim\Desktop\Informatyczne systemy automatyki\electronic-components-scanner-main\ai_jpg\IMG_20240317_221214_resized.jpg,1808 Bd24AC,0
C:\Users\mklim\Desktop\Informatyczne systemy automatyki\electronic-components-scanner-main\ai_jpg\IMG_20240317_221223_resized.jpg,,0
C:\Users\mklim\Desktop\Informatyczne systemy automatyki\electronic-components-scanner-main\ai_jpg\IMG_20240317_221224_1_resized.jpg,80,0
C:\Users\mklim\Desktop\Informatyczne systemy automatyki\electronic-components-scanner-main\ai_jpg\IMG_20240317_221224_2_resized.jpg,,0
C:\Users\mklim\Desktop\Informatyczne systemy automatyki\electronic-components-scanner-main\ai_jpg\IMG_20240317_221224_3_resized.jpg,,0
C:\Users\mklim\Desktop\Informatyczne systemy automatyki\electronic-components-scanner-main\ai_jpg\IMG_20240317_221224_resized.jpg,,0
C:\Users\mklim\Desktop\Informatyczne systemy automatyki\electronic-components-scanner-main\ai_jpg\IMG_20240317_221225_1_resized.jpg,,0
C:\Users\mklim\Desktop\Informatyczne systemy automatyki\electronic-components-scanner-main\ai_jpg\IMG_20240317_221225_resized.jpg,405 908,0
C:\Users\mklim\Desktop\Informatyczne systemy automatyki\electronic-components-scanner-main\ai_jpg\IMG_20240317_221226_1_resized.jpg,,0
C:\Users\mklim\Desktop\Informatyczne systemy automatyki\electronic-components-scanner-main\ai_jpg\IMG_20240317_221226_2_resized.jpg,1984,0
C:\Users\mklim\Desktop\Informatyczne systemy automatyki\electronic-components-scanner-main\ai_jpg\IMG_20240317_221226_resized.jpg,,0
C:\Users\mklim\Desktop\Informatyczne systemy automatyki\electronic-components-scanner-main\ai_jpg\IMG_20240317_221227_1_resized.jpg,,0
C:\Users\mklim\Desktop\Informatyczne systemy automatyki\electronic-components-scanner-main\ai_jpg\IMG_20240317_221227_2_resized.jpg,O11,0
C:\Users\mklim\Desktop\Informatyczne systemy automatyki\electronic-components-scanner-main\ai_jpg\IMG_20240317_221227_resized.jpg,,0
C:\Users\mklim\Desktop\Informatyczne systemy automatyki\electronic-components-scanner-main\ai_jpg\IMG_20240317_221228_1_resized.jpg,#SoN Je?,0
C:\Users\mklim\Desktop\Informatyczne systemy automatyki\electronic-components-scanner-main\ai_jpg\IMG_20240317_221228_resized.jpg,29983,0
C:\Users\mklim\Desktop\Informatyczne systemy automatyki\electronic-components-scanner-main\ai_jpg\IMG_20240317_221236_resized.jpg,,0
C:\Users\mklim\Desktop\Informatyczne systemy automatyki\electronic-components-scanner-main\ai_jpg\IMG_20240317_221237_1_resized.jpg,,0
C:\Users\mklim\Desktop\Informatyczne systemy automatyki\electronic-components-scanner-main\ai_jpg\IMG_20240317_221237_resized.jpg,,0
C:\Users\mklim\Desktop\Informatyczne systemy automatyki\electronic-components-scanner-main\ai_jpg\IMG_20240317_221238_1_resized.jpg,,0
C:\Users\mklim\Desktop\Informatyczne systemy automatyki\electronic-components-scanner-main\ai_jpg\IMG_20240317_221238_2_resized.jpg,08,0
C:\Users\mklim\Desktop\Informatyczne systemy automatyki\electronic-components-scanner-main\ai_jpg\IMG_20240317_221238_resized.jpg,,0
C:\Users\mklim\Desktop\Informatyczne systemy automatyki\electronic-components-scanner-main\ai_jpg\IMG_20240317_221239_1_resized.jpg,,0
C:\Users\mklim\Desktop\Informatyczne systemy automatyki\electronic-components-scanner-main\ai_jpg\IMG_20240317_221239_resized.jpg,L,0
C:\Users\mklim\Desktop\Informatyczne systemy automatyki\electronic-components-scanner-main\ai_jpg\IMG_20240317_221247_1_resized.jpg,IRFSAON IIBRX?17X G9p0,0
C:\Users\mklim\Desktop\Informatyczne systemy automatyki\electronic-components-scanner-main\ai_jpg\IMG_20240317_221247_resized.jpg,"IrF54ON I#AumX, Joru",0
C:\Users\mklim\Desktop\Informatyczne systemy automatyki\electronic-components-scanner-main\ai_jpg\IMG_20240317_221248_1_resized.jpg,IRF54ON I4RX217X G9po,0
C:\Users\mklim\Desktop\Informatyczne systemy automatyki\electronic-components-scanner-main\ai_jpg\IMG_20240317_221248_2_resized.jpg,T9 IRFS4ON 882317*,0
C:\Users\mklim\Desktop\Informatyczne systemy automatyki\electronic-components-scanner-main\ai_jpg\IMG_20240317_221248_3_resized.jpg,IRFs4ON Ir7717*  DoPO,0
C:\Users\mklim\Desktop\Informatyczne systemy automatyki\electronic-components-scanner-main\ai_jpg\IMG_20240317_221248_resized.jpg,IRFSAON 2332317*,0
C:\Users\mklim\Desktop\Informatyczne systemy automatyki\electronic-components-scanner-main\ai_jpg\IMG_20240317_221249_1_resized.jpg,IRFsaOn I42382317*,0
C:\Users\mklim\Desktop\Informatyczne systemy automatyki\electronic-components-scanner-main\ai_jpg\IMG_20240317_221249_2_resized.jpg,IRFSAON I4PRX217X B9PO,1
C:\Users\mklim\Desktop\Informatyczne systemy automatyki\electronic-components-scanner-main\ai_jpg\IMG_20240317_221249_resized.jpg,T4r5arrt7y D9p0 IRFs4On,0
C:\Users\mklim\Desktop\Informatyczne systemy automatyki\electronic-components-scanner-main\ai_jpg\IMG_20240317_221250_1_resized.jpg,IRFs4ON IF23X217X DQpo,0
C:\Users\mklim\Desktop\Informatyczne systemy automatyki\electronic-components-scanner-main\ai_jpg\IMG_20240317_221250_2_resized.jpg,Bepo IRFS4ON IPRX?17X,0
C:\Users\mklim\Desktop\Informatyczne systemy automatyki\electronic-components-scanner-main\ai_jpg\IMG_20240317_221250_resized.jpg,IRFSAON I223'7X,0
C:\Users\mklim\Desktop\Informatyczne systemy automatyki\electronic-components-scanner-main\ai_jpg\IMG_20240317_221251_1_resized.jpg,IRFSAON I4eRX217X BQPo,0
C:\Users\mklim\Desktop\Informatyczne systemy automatyki\electronic-components-scanner-main\ai_jpg\IMG_20240317_221251_2_resized.jpg,RFs4ON I4R*217X DoPo,0
C:\Users\mklim\Desktop\Informatyczne systemy automatyki\electronic-components-scanner-main\ai_jpg\IMG_20240317_221251_3_resized.jpg,{RfsKON 132r217X 3e26,0
C:\Users\mklim\Desktop\Informatyczne systemy automatyki\electronic-components-scanner-main\ai_jpg\IMG_20240317_221251_resized.jpg,332317X IRFSAON I3R,0
C:\Users\mklim\Desktop\Informatyczne systemy automatyki\electronic-components-scanner-main\ai_jpg\IMG_20240317_221252_1_resized.jpg,IRFSAON T42387317*,0
C:\Users\mklim\Desktop\Informatyczne systemy automatyki\electronic-components-scanner-main\ai_jpg\IMG_20240317_221252_2_resized.jpg,Ipfsaon T4282317*,0
C:\Users\mklim\Desktop\Informatyczne systemy automatyki\electronic-components-scanner-main\ai_jpg\IMG_20240317_221252_resized.jpg,"J3C: I42,7 B53d",0
C:\Users\mklim\Desktop\Informatyczne systemy automatyki\electronic-components-scanner-main\ai_jpg\IMG_20240317_221253_1_resized.jpg,IRFs4ON I2n177,0
C:\Users\mklim\Desktop\Informatyczne systemy automatyki\electronic-components-scanner-main\ai_jpg\IMG_20240317_221253_resized.jpg,IRFSAON I2382317X,0
C:\Users\mklim\Desktop\Informatyczne systemy automatyki\electronic-components-scanner-main\ai_jpg\IMG_20240317_221254_resized.jpg,IRFSAON I421X217X B9p0,0
C:\Users\mklim\Desktop\Informatyczne systemy automatyki\electronic-components-scanner-main\ai_jpg\IMG_20240317_221348_1_resized.jpg,A09t,0
C:\Users\mklim\Desktop\Informatyczne systemy automatyki\electronic-components-scanner-main\ai_jpg\IMG_20240317_221348_2_resized.jpg,A09t,0
C:\Users\mklim\Desktop\Informatyczne systemy automatyki\electronic-components-scanner-main\ai_jpg\IMG_20240317_221348_resized.jpg,A09t,0
C:\Users\mklim\Desktop\Informatyczne systemy automatyki\electronic-components-scanner-main\ai_jpg\IMG_20240317_221350_1_resized.jpg,An9t,0
C:\Users\mklim\Desktop\Informatyczne systemy automatyki\electronic-components-scanner-main\ai_jpg\IMG_20240317_221350_resized.jpg,409t,0
C:\Users\mklim\Desktop\Informatyczne systemy automatyki\electronic-components-scanner-main\ai_jpg\IMG_20240317_221351_1_resized.jpg,Ao9t,0
C:\Users\mklim\Desktop\Informatyczne systemy automatyki\electronic-components-scanner-main\ai_jpg\IMG_20240317_221351_2_resized.jpg,Ao9t,0
C:\Users\mklim\Desktop\Informatyczne systemy automatyki\electronic-components-scanner-main\ai_jpg\IMG_20240317_221351_resized.jpg,AT,0
C:\Users\mklim\Desktop\Informatyczne systemy automatyki\electronic-components-scanner-main\ai_jpg\IMG_20240317_221354_1_resized.jpg,40gt,0
C:\Users\mklim\Desktop\Informatyczne systemy automatyki\electronic-components-scanner-main\ai_jpg\IMG_20240317_221354_2_resized.jpg,A09t,0
C:\Users\mklim\Desktop\Informatyczne systemy automatyki\electronic-components-scanner-main\ai_jpg\IMG_20240317_221354_resized.jpg,Aogt,0
C:\Users\mklim\Desktop\Informatyczne systemy automatyki\electronic-components-scanner-main\ai_jpg\IMG_20240317_221356_1_resized.jpg,F7 A09t,0
C:\Users\mklim\Desktop\Informatyczne systemy automatyki\electronic-components-scanner-main\ai_jpg\IMG_20240317_221356_resized.jpg,Ao9t,0
C:\Users\mklim\Desktop\Informatyczne systemy automatyki\electronic-components-scanner-main\ai_jpg\IMG_20240317_221603_1_resized.jpg,3927,0
C:\Users\mklim\Desktop\Informatyczne systemy automatyki\electronic-components-scanner-main\ai_jpg\IMG_20240317_221603_resized.jpg,392|,0
C:\Users\mklim\Desktop\Informatyczne systemy automatyki\electronic-components-scanner-main\ai_jpg\IMG_20240317_221604_1_resized.jpg,292|,0
C:\Users\mklim\Desktop\Informatyczne systemy automatyki\electronic-components-scanner-main\ai_jpg\IMG_20240317_221604_2_resized.jpg,392,0
C:\Users\mklim\Desktop\Informatyczne systemy automatyki\electronic-components-scanner-main\ai_jpg\IMG_20240317_221604_resized.jpg,392 ,0
C:\Users\mklim\Desktop\Informatyczne systemy automatyki\electronic-components-scanner-main\ai_jpg\IMG_20240317_221605_1_resized.jpg,292],0
C:\Users\mklim\Desktop\Informatyczne systemy automatyki\electronic-components-scanner-main\ai_jpg\IMG_20240317_221605_2_resized.jpg,197,0
C:\Users\mklim\Desktop\Informatyczne systemy automatyki\electronic-components-scanner-main\ai_jpg\IMG_20240317_221605_resized.jpg,292|,0
C:\Users\mklim\Desktop\Informatyczne systemy automatyki\electronic-components-scanner-main\ai_jpg\IMG_20240317_221606_resized.jpg,32,0
C:\Users\mklim\Desktop\Informatyczne systemy automatyki\electronic-components-scanner-main\ai_jpg\IMG_20240317_221609_1_resized.jpg,392/,0
C:\Users\mklim\Desktop\Informatyczne systemy automatyki\electronic-components-scanner-main\ai_jpg\IMG_20240317_221609_2_resized.jpg,3926,0
C:\Users\mklim\Desktop\Informatyczne systemy automatyki\electronic-components-scanner-main\ai_jpg\IMG_20240317_221609_resized.jpg,392 ,0
C:\Users\mklim\Desktop\Informatyczne systemy automatyki\electronic-components-scanner-main\ai_jpg\IMG_20240317_221610_resized.jpg,392,0
C:\Users\mklim\Desktop\Informatyczne systemy automatyki\electronic-components-scanner-main\ai_jpg\IMG_20240317_221611_resized.jpg,392,0
C:\Users\mklim\Desktop\Informatyczne systemy automatyki\electronic-components-scanner-main\ai_jpg\IMG_20240317_221612_1_resized.jpg,1392/,0
C:\Users\mklim\Desktop\Informatyczne systemy automatyki\electronic-components-scanner-main\ai_jpg\IMG_20240317_221612_resized.jpg,292|,0
C:\Users\mklim\Desktop\Informatyczne systemy automatyki\electronic-components-scanner-main\ai_jpg\IMG_20240317_221613_1_resized.jpg,,0
C:\Users\mklim\Desktop\Informatyczne systemy automatyki\electronic-components-scanner-main\ai_jpg\IMG_20240317_221613_2_resized.jpg,392|,0
C:\Users\mklim\Desktop\Informatyczne systemy automatyki\electronic-components-scanner-main\ai_jpg\IMG_20240317_221613_resized.jpg,392|,0
C:\Users\mklim\Desktop\Informatyczne systemy automatyki\electronic-components-scanner-main\ai_jpg\IMG_20240317_221614_1_resized.jpg,392|,0
C:\Users\mklim\Desktop\Informatyczne systemy automatyki\electronic-components-scanner-main\ai_jpg\IMG_20240317_221614_resized.jpg,3926,0
C:\Users\mklim\Desktop\Informatyczne systemy automatyki\electronic-components-scanner-main\ai_jpg\IMG_20240317_221615_1_resized.jpg,3921,0
C:\Users\mklim\Desktop\Informatyczne systemy automatyki\electronic-components-scanner-main\ai_jpg\IMG_20240317_221615_2_resized.jpg,32,0
C:\Users\mklim\Desktop\Informatyczne systemy automatyki\electronic-components-scanner-main\ai_jpg\IMG_20240317_221615_resized.jpg,392|,0
C:\Users\mklim\Desktop\Informatyczne systemy automatyki\electronic-components-scanner-main\ai_jpg\IMG_20240317_221616_resized.jpg,2921,0
C:\Users\mklim\Desktop\Informatyczne systemy automatyki\electronic-components-scanner-main\ai_jpg\IMG_20240317_221617_resized.jpg,392|,0
C:\Users\mklim\Desktop\Informatyczne systemy automatyki\electronic-components-scanner-main\ai_jpg\IMG_20240317_221618_resized.jpg,392|,0
C:\Users\mklim\Desktop\Informatyczne systemy automatyki\electronic-components-scanner-main\ai_jpg\IMG_20240317_221650_1_resized.jpg,420,0
C:\Users\mklim\Desktop\Informatyczne systemy automatyki\electronic-components-scanner-main\ai_jpg\IMG_20240317_221650_2_resized.jpg,471,0
C:\Users\mklim\Desktop\Informatyczne systemy automatyki\electronic-components-scanner-main\ai_jpg\IMG_20240317_221650_resized.jpg,470,0
C:\Users\mklim\Desktop\Informatyczne systemy automatyki\electronic-components-scanner-main\ai_jpg\IMG_20240317_221651_1_resized.jpg,421,0
C:\Users\mklim\Desktop\Informatyczne systemy automatyki\electronic-components-scanner-main\ai_jpg\IMG_20240317_221651_resized.jpg,421,0
C:\Users\mklim\Desktop\Informatyczne systemy automatyki\electronic-components-scanner-main\ai_jpg\IMG_20240317_221652_resized.jpg,421,0
C:\Users\mklim\Desktop\Informatyczne systemy automatyki\electronic-components-scanner-main\ai_jpg\IMG_20240317_221653_1_resized.jpg,,0
C:\Users\mklim\Desktop\Informatyczne systemy automatyki\electronic-components-scanner-main\ai_jpg\IMG_20240317_221653_resized.jpg,421',0
C:\Users\mklim\Desktop\Informatyczne systemy automatyki\electronic-components-scanner-main\ai_jpg\IMG_20240317_221654_1_resized.jpg,429,0
C:\Users\mklim\Desktop\Informatyczne systemy automatyki\electronic-components-scanner-main\ai_jpg\IMG_20240317_221654_resized.jpg,421,0
C:\Users\mklim\Desktop\Informatyczne systemy automatyki\electronic-components-scanner-main\ai_jpg\IMG_20240317_221655_resized.jpg,421,0
C:\Users\mklim\Desktop\Informatyczne systemy automatyki\electronic-components-scanner-main\ai_jpg\IMG_20240317_221658_resized.jpg,421,0
C:\Users\mklim\Desktop\Informatyczne systemy automatyki\electronic-components-scanner-main\ai_jpg\IMG_20240317_221659_1_resized.jpg,421,0
C:\Users\mklim\Desktop\Informatyczne systemy automatyki\electronic-components-scanner-main\ai_jpg\IMG_20240317_221659_2_resized.jpg,,0
C:\Users\mklim\Desktop\Informatyczne systemy automatyki\electronic-components-scanner-main\ai_jpg\IMG_20240317_221659_resized.jpg,421,0
C:\Users\mklim\Desktop\Informatyczne systemy automatyki\electronic-components-scanner-main\ai_jpg\IMG_20240317_221700_resized.jpg,,0
C:\Users\mklim\Desktop\Informatyczne systemy automatyki\electronic-components-scanner-main\ai_jpg\IMG_20240317_221701_1_resized.jpg,421,0
C:\Users\mklim\Desktop\Informatyczne systemy automatyki\electronic-components-scanner-main\ai_jpg\IMG_20240317_221701_2_resized.jpg,421,0
C:\Users\mklim\Desktop\Informatyczne systemy automatyki\electronic-components-scanner-main\ai_jpg\IMG_20240317_221701_resized.jpg,421,0
C:\Users\mklim\Desktop\Informatyczne systemy automatyki\electronic-components-scanner-main\ai_jpg\IMG_20240317_221702_resized.jpg,421,0
C:\Users\mklim\Desktop\Informatyczne systemy automatyki\electronic-components-scanner-main\ai_jpg\IMG_20240317_221703_1_resized.jpg,421,0
C:\Users\mklim\Desktop\Informatyczne systemy automatyki\electronic-components-scanner-main\ai_jpg\IMG_20240317_221703_resized.jpg,421,0
C:\Users\mklim\Desktop\Informatyczne systemy automatyki\electronic-components-scanner-main\ai_jpg\IMG_20240317_221704_resized.jpg,,0
C:\Users\mklim\Desktop\Informatyczne systemy automatyki\electronic-components-scanner-main\ai_jpg\IMG_20240317_221731_resized.jpg,112,0
C:\Users\mklim\Desktop\Informatyczne systemy automatyki\electronic-components-scanner-main\ai_jpg\IMG_20240317_221732_1_resized.jpg,412,0
C:\Users\mklim\Desktop\Informatyczne systemy automatyki\electronic-components-scanner-main\ai_jpg\IMG_20240317_221732_2_resized.jpg,,0
C:\Users\mklim\Desktop\Informatyczne systemy automatyki\electronic-components-scanner-main\ai_jpg\IMG_20240317_221732_resized.jpg,4422,0
C:\Users\mklim\Desktop\Informatyczne systemy automatyki\electronic-components-scanner-main\ai_jpg\IMG_20240317_221733_1_resized.jpg,1272,0
C:\Users\mklim\Desktop\Informatyczne systemy automatyki\electronic-components-scanner-main\ai_jpg\IMG_20240317_221733_resized.jpg,,0
C:\Users\mklim\Desktop\Informatyczne systemy automatyki\electronic-components-scanner-main\ai_jpg\IMG_20240317_221734_1_resized.jpg,14721,0
C:\Users\mklim\Desktop\Informatyczne systemy automatyki\electronic-components-scanner-main\ai_jpg\IMG_20240317_221734_2_resized.jpg,14721,0
C:\Users\mklim\Desktop\Informatyczne systemy automatyki\electronic-components-scanner-main\ai_jpg\IMG_20240317_221734_resized.jpg,14721,0
C:\Users\mklim\Desktop\Informatyczne systemy automatyki\electronic-components-scanner-main\ai_jpg\IMG_20240317_221735_resized.jpg,WM|,0
C:\Users\mklim\Desktop\Informatyczne systemy automatyki\electronic-components-scanner-main\ai_jpg\IMG_20240317_221737_resized.jpg,'422,0
C:\Users\mklim\Desktop\Informatyczne systemy automatyki\electronic-components-scanner-main\ai_jpg\IMG_20240317_221739_1_resized.jpg,1422,0
C:\Users\mklim\Desktop\Informatyczne systemy automatyki\electronic-components-scanner-main\ai_jpg\IMG_20240317_221739_2_resized.jpg,1472,0
C:\Users\mklim\Desktop\Informatyczne systemy automatyki\electronic-components-scanner-main\ai_jpg\IMG_20240317_221739_resized.jpg,472,0
C:\Users\mklim\Desktop\Informatyczne systemy automatyki\electronic-components-scanner-main\ai_jpg\IMG_20240317_221740_resized.jpg,422,0
C:\Users\mklim\Desktop\Informatyczne systemy automatyki\electronic-components-scanner-main\ai_jpg\IMG_20240317_221741_resized.jpg,,0
C:\Users\mklim\Desktop\Informatyczne systemy automatyki\electronic-components-scanner-main\ai_jpg\IMG_20240317_221742_1_resized.jpg,422,0
C:\Users\mklim\Desktop\Informatyczne systemy automatyki\electronic-components-scanner-main\ai_jpg\IMG_20240317_221742_2_resized.jpg,,0
C:\Users\mklim\Desktop\Informatyczne systemy automatyki\electronic-components-scanner-main\ai_jpg\IMG_20240317_221742_resized.jpg,4422,0
C:\Users\mklim\Desktop\Informatyczne systemy automatyki\electronic-components-scanner-main\ai_jpg\IMG_20240317_221812_1_resized.jpg,MIh,0
C:\Users\mklim\Desktop\Informatyczne systemy automatyki\electronic-components-scanner-main\ai_jpg\IMG_20240317_221812_resized.jpg,JLI4,0
C:\Users\mklim\Desktop\Informatyczne systemy automatyki\electronic-components-scanner-main\ai_jpg\IMG_20240317_221813_1_resized.jpg,{b0,0
C:\Users\mklim\Desktop\Informatyczne systemy automatyki\electronic-components-scanner-main\ai_jpg\IMG_20240317_221813_2_resized.jpg,Q8v,0
C:\Users\mklim\Desktop\Informatyczne systemy automatyki\electronic-components-scanner-main\ai_jpg\IMG_20240317_221813_resized.jpg,h#,0
C:\Users\mklim\Desktop\Informatyczne systemy automatyki\electronic-components-scanner-main\ai_jpg\IMG_20240317_221814_1_resized.jpg,,0
C:\Users\mklim\Desktop\Informatyczne systemy automatyki\electronic-components-scanner-main\ai_jpg\IMG_20240317_221814_2_resized.jpg,1104,0
C:\Users\mklim\Desktop\Informatyczne systemy automatyki\electronic-components-scanner-main\ai_jpg\IMG_20240317_221814_resized.jpg,J104[,0
C:\Users\mklim\Desktop\Informatyczne systemy automatyki\electronic-components-scanner-main\ai_jpg\IMG_20240317_221815_1_resized.jpg,1wx,0
C:\Users\mklim\Desktop\Informatyczne systemy automatyki\electronic-components-scanner-main\ai_jpg\IMG_20240317_221815_2_resized.jpg,Jb:,0
C:\Users\mklim\Desktop\Informatyczne systemy automatyki\electronic-components-scanner-main\ai_jpg\IMG_20240317_221815_resized.jpg,j2d4},0
C:\Users\mklim\Desktop\Informatyczne systemy automatyki\electronic-components-scanner-main\ai_jpg\IMG_20240317_221816_resized.jpg,10,0
C:\Users\mklim\Desktop\Informatyczne systemy automatyki\electronic-components-scanner-main\ai_jpg\IMG_20240317_221817_resized.jpg,{104,0
C:\Users\mklim\Desktop\Informatyczne systemy automatyki\electronic-components-scanner-main\ai_jpg\IMG_20240317_221818_1_resized.jpg,F104,0
C:\Users\mklim\Desktop\Informatyczne systemy automatyki\electronic-components-scanner-main\ai_jpg\IMG_20240317_221818_resized.jpg,,0
C:\Users\mklim\Desktop\Informatyczne systemy automatyki\electronic-components-scanner-main\ai_jpg\IMG_20240317_221819_resized.jpg,,0
C:\Users\mklim\Desktop\Informatyczne systemy automatyki\electronic-components-scanner-main\ai_jpg\IMG_20240317_221820_resized.jpg,,0
C:\Users\mklim\Desktop\Informatyczne systemy automatyki\electronic-components-scanner-main\ai_jpg\IMG_20240317_221821_1_resized.jpg,,0
C:\Users\mklim\Desktop\Informatyczne systemy automatyki\electronic-components-scanner-main\ai_jpg\IMG_20240317_221821_resized.jpg,IS0h,0
C:\Users\mklim\Desktop\Informatyczne systemy automatyki\electronic-components-scanner-main\ai_jpg\IMG_20240317_221823_resized.jpg,XIH,0
C:\Users\mklim\Desktop\Informatyczne systemy automatyki\electronic-components-scanner-main\ai_jpg\IMG_20240317_221824_1_resized.jpg,,0
C:\Users\mklim\Desktop\Informatyczne systemy automatyki\electronic-components-scanner-main\ai_jpg\IMG_20240317_221824_resized.jpg,HOy,0
C:\Users\mklim\Desktop\Informatyczne systemy automatyki\electronic-components-scanner-main\ai_jpg\IMG_20240317_221825_1_resized.jpg,L8H,0
C:\Users\mklim\Desktop\Informatyczne systemy automatyki\electronic-components-scanner-main\ai_jpg\IMG_20240317_221825_resized.jpg,Ia8,0
C:\Users\mklim\Desktop\Informatyczne systemy automatyki\electronic-components-scanner-main\ai_jpg\IMG_20240317_221826_1_resized.jpg,JLIh,0
C:\Users\mklim\Desktop\Informatyczne systemy automatyki\electronic-components-scanner-main\ai_jpg\IMG_20240317_221826_2_resized.jpg,JL8H,0
C:\Users\mklim\Desktop\Informatyczne systemy automatyki\electronic-components-scanner-main\ai_jpg\IMG_20240317_221826_resized.jpg,JL8y,0
C:\Users\mklim\Desktop\Informatyczne systemy automatyki\electronic-components-scanner-main\ai_jpg\IMG_20240317_221827_1_resized.jpg,IX,0
C:\Users\mklim\Desktop\Informatyczne systemy automatyki\electronic-components-scanner-main\ai_jpg\IMG_20240317_221827_resized.jpg,XbL,0
C:\Users\mklim\Desktop\Informatyczne systemy automatyki\electronic-components-scanner-main\ai_jpg\IMG_20240317_221858_1_resized.jpg,471,0
C:\Users\mklim\Desktop\Informatyczne systemy automatyki\electronic-components-scanner-main\ai_jpg\IMG_20240317_221858_resized.jpg,421,0
C:\Users\mklim\Desktop\Informatyczne systemy automatyki\electronic-components-scanner-main\ai_jpg\IMG_20240317_221859_1_resized.jpg,421,0
C:\Users\mklim\Desktop\Informatyczne systemy automatyki\electronic-components-scanner-main\ai_jpg\IMG_20240317_221859_resized.jpg,471,0
C:\Users\mklim\Desktop\Informatyczne systemy automatyki\electronic-components-scanner-main\ai_jpg\IMG_20240317_221900_resized.jpg,421,0
C:\Users\mklim\Desktop\Informatyczne systemy automatyki\electronic-components-scanner-main\ai_jpg\IMG_20240317_221901_1_resized.jpg,421,0
C:\Users\mklim\Desktop\Informatyczne systemy automatyki\electronic-components-scanner-main\ai_jpg\IMG_20240317_221901_2_resized.jpg,421,0
C:\Users\mklim\Desktop\Informatyczne systemy automatyki\electronic-components-scanner-main\ai_jpg\IMG_20240317_221901_resized.jpg,421,0
C:\Users\mklim\Desktop\Informatyczne systemy automatyki\electronic-components-scanner-main\ai_jpg\IMG_20240317_221902_1_resized.jpg,Ilt,0
C:\Users\mklim\Desktop\Informatyczne systemy automatyki\electronic-components-scanner-main\ai_jpg\IMG_20240317_221902_resized.jpg,4216,0
C:\Users\mklim\Desktop\Informatyczne systemy automatyki\electronic-components-scanner-main\ai_jpg\IMG_20240317_221905_1_resized.jpg,Y1,0
C:\Users\mklim\Desktop\Informatyczne systemy automatyki\electronic-components-scanner-main\ai_jpg\IMG_20240317_221905_resized.jpg,421,0
C:\Users\mklim\Desktop\Informatyczne systemy automatyki\electronic-components-scanner-main\ai_jpg\IMG_20240317_221906_1_resized.jpg,Y21,0
C:\Users\mklim\Desktop\Informatyczne systemy automatyki\electronic-components-scanner-main\ai_jpg\IMG_20240317_221906_resized.jpg,41,0
